,Name, Team, Position, Difficulty, Cost, GW Pts, Tot Pts, Min, GW games, Tot Games, PPG, PPM, PPMPG, Pts L2W, Pts L4W, Games L4W, PPG L4W, PPM L4W, PPMPG L4W
,Surman,BOU,MID,Hard,4.3,2,84,3150,1,35,2.40,19.53,0.56,7.00,11.00,4,2.75,2.56,0.64
,Francis,BOU,DEF,Hard,4.1,3,85,3116,1,35,2.43,20.73,0.59,4.00,10.00,4,2.50,2.44,0.61
,Morgan,LEI,DEF,Hard,4.5,6,127,3150,1,35,3.63,28.22,0.81,6.00,27.00,4,6.75,6.00,1.50
,Schmeichel,LEI,GKP,Hard,5,6,138,3150,1,35,3.94,27.60,0.79,7.00,19.00,4,4.75,3.80,0.95
,Alderweireld,TOT,DEF,Hard,6.4,0,162,3060,0,34,4.76,25.31,0.74,6.00,23.00,3,7.67,3.59,1.20
,Williams,SWA,DEF,Hard,4.9,-1,121,3150,1,35,3.46,24.69,0.71,0.00,9.00,4,2.25,1.84,0.46
,Fabianski,SWA,GKP,Hard,4.7,1,117,3150,1,35,3.34,24.89,0.71,3.00,11.00,4,2.75,2.34,0.59
,Gomes,WAT,GKP,Medium,5,0,152,3036,0,33,4.61,30.40,0.92,21.00,27.00,3,9.00,5.40,1.80
,Dawson,WBA,DEF,Hard,5.1,0,113,3024,0,33,3.42,22.16,0.67,3.00,10.00,3,3.33,1.96,0.65
,Daniels,BOU,DEF,Hard,4.9,0,123,3015,1,34,3.62,25.10,0.74,1.00,2.00,4,0.50,0.41,0.10
,Fletcher,WBA,MID,Hard,4.3,0,95,3015,0,33,2.88,22.09,0.67,4.00,9.00,3,3.00,2.09,0.70
,Kane,TOT,FWD,Hard,10.4,0,199,3003,0,34,5.85,19.13,0.56,13.00,23.00,3,7.67,2.21,0.74
,Dann,CRY,DEF,Medium,5.7,0,126,2970,0,32,3.94,22.11,0.69,1.00,14.00,3,4.67,2.46,0.82
,Huth,LEI,DEF,Hard,4.9,5,138,3060,1,34,4.06,28.16,0.83,6.00,21.00,4,5.25,4.29,1.07
,Lloris,TOT,GKP,Hard,5.4,0,134,2970,0,33,4.06,24.81,0.75,6.00,16.00,3,5.33,2.96,0.99
,Sissoko,NEW,MID,Medium,5.6,2,96,2955,1,33,2.91,17.14,0.52,15.00,19.00,4,4.75,3.39,0.85
,Cresswell,WHU,DEF,Medium,5.7,0,125,2954,0,32,3.91,21.93,0.69,10.00,15.00,3,5.00,2.63,0.88
,Vardy,LEI,FWD,Hard,7.4,0,199,2953,0,34,5.85,26.89,0.79,2.00,17.00,3,5.67,2.30,0.77
,Deeney,WAT,FWD,Medium,5.2,0,134,2933,0,33,4.06,25.77,0.78,0.00,4.00,3,1.33,0.77,0.26
,Cook,BOU,DEF,Hard,4.3,0,107,2925,1,33,3.24,24.88,0.75,1.00,11.00,4,2.75,2.56,0.64
,Wijnaldum,NEW,MID,Medium,6.7,4,149,2919,1,34,4.38,22.24,0.65,8.00,12.00,4,3.00,1.79,0.45
,Dier,TOT,DEF,Hard,5.4,0,124,2919,0,33,3.76,22.96,0.70,6.00,14.00,3,4.67,2.59,0.86
,Whelan,STK,MID,Medium,4.3,2,76,2912,1,34,2.24,17.67,0.52,4.00,11.00,3,3.67,2.56,0.85
,Fonte,SOU,DEF,Hard,5.5,1,119,2895,1,34,3.50,21.64,0.64,2.00,9.00,4,2.25,1.64,0.41
,Monreal,ARS,DEF,Medium,5.8,6,132,2979,1,33,4.00,22.76,0.69,14.00,21.00,4,5.25,3.62,0.91
,Bellern,ARS,DEF,Medium,6.5,5,154,2970,1,32,4.81,23.69,0.74,13.00,28.00,4,7.00,4.31,1.08
,Mignolet,LIV,GKP,Hard,5,1,104,2880,1,32,3.25,20.80,0.65,7.00,12.00,4,3.00,2.40,0.60
,Lukaku,EVE,FWD,Medium,8.7,0,175,2869,0,32,5.47,20.11,0.63,2.00,8.00,3,2.67,0.92,0.31
,Blind,MUN,MID,Medium,5.2,0,89,2844,0,31,2.87,17.12,0.55,6.00,11.00,3,3.67,2.12,0.71
,Barkley,EVE,MID,Medium,7,0,149,2843,0,32,4.66,21.29,0.67,2.00,9.00,3,3.00,1.29,0.43
,Azpilicueta,CHE,DEF,Hard,5.8,2,113,2839,1,33,3.42,19.48,0.59,2.00,14.00,4,3.50,2.41,0.60
,Hart,MCI,GKP,Hard,5.6,6,130,2839,1,31,4.19,23.21,0.75,15.00,17.00,3,5.67,3.04,1.01
,Noble,WHU,MID,Medium,5.4,0,111,2836,0,32,3.47,20.56,0.64,16.00,19.00,3,6.33,3.52,1.17
,Pieters,STK,DEF,Medium,4.8,0,89,2826,0,32,2.78,18.54,0.58,0.00,0.00,2,0.00,0.00,0.00
,Capoue,WAT,MID,Medium,4.8,0,72,2814,0,33,2.18,15.00,0.45,3.00,5.00,3,1.67,1.04,0.35
,Gueye,AVL,MID,Hard,4.6,4,68,2804,1,32,2.13,14.78,0.46,6.00,11.00,4,2.75,2.39,0.60
,M'Vila,SUN,MID,Hard,4.8,3,97,2888,1,33,2.94,20.21,0.61,6.00,11.00,4,2.75,2.29,0.57
,Clyne,LIV,DEF,Hard,5.2,0,91,2790,0,31,2.94,17.50,0.56,6.00,10.00,3,3.33,1.92,0.64
,Smalling,MUN,DEF,Medium,6.5,0,126,2790,0,30,4.20,19.38,0.65,13.00,19.00,3,6.33,2.92,0.97
,van Dijk,SOU,DEF,Hard,5.7,1,125,2790,1,31,4.03,21.93,0.71,3.00,7.00,4,1.75,1.23,0.31
,Butland,STK,GKP,Medium,5.1,0,132,2790,0,31,4.26,25.88,0.83,0.00,0.00,0,0.00,0.00,0.00
,Adrin,WHU,GKP,Medium,5.1,0,118,2790,0,30,3.93,23.14,0.77,10.00,12.00,3,4.00,2.35,0.78
,Ighalo,WAT,FWD,Medium,5.5,0,163,2787,0,33,4.94,29.64,0.90,2.00,4.00,3,1.33,0.73,0.24
,Howson,NOR,MID,Hard,4.9,0,102,2784,0,34,3.00,20.82,0.61,2.00,14.00,3,4.67,2.86,0.95
,Ritchie,BOU,MID,Hard,5.2,0,109,2778,1,34,3.21,20.96,0.62,2.00,6.00,4,1.50,1.15,0.29
,zil,ARS,MID,Medium,9.5,3,192,2859,1,32,6.00,20.21,0.63,8.00,18.00,4,4.50,1.89,0.47
,Drinkwater,LEI,MID,Hard,4.6,6,117,2857,1,33,3.55,25.43,0.77,8.00,18.00,4,4.50,3.91,0.98
,Taylor,SWA,DEF,Hard,4.6,0,87,2857,1,33,2.64,18.91,0.57,1.00,7.00,4,1.75,1.52,0.38
,Sigurdsson,SWA,MID,Hard,7.2,2,151,2824,1,35,4.31,20.97,0.60,4.00,22.00,4,5.50,3.06,0.76
,Souar,CRY,DEF,Medium,4.2,0,75,2745,0,29,2.59,17.86,0.62,2.00,15.00,3,5.00,3.57,1.19
,Brady,NOR,MID,Hard,5.4,0,103,2745,0,32,3.22,19.07,0.60,1.00,8.00,3,2.67,1.48,0.49
,Cathcart,WAT,DEF,Medium,4.6,0,95,2719,0,31,3.06,20.65,0.67,1.00,3.00,3,1.00,0.65,0.22
,Cech,ARS,GKP,Medium,5.9,9,144,2790,1,30,4.80,24.41,0.81,17.00,17.00,2,8.50,2.88,1.44
,Boruc,BOU,GKP,Hard,4.5,0,95,2700,1,30,3.17,21.11,0.70,2.00,5.00,4,1.25,1.11,0.28
,Ivanovic,CHE,DEF,Hard,6.6,2,109,2700,1,30,3.63,16.52,0.55,3.00,11.00,4,2.75,1.67,0.42
,de Gea,MUN,GKP,Medium,5.9,0,131,2700,0,29,4.52,22.20,0.77,12.00,22.00,3,7.33,3.73,1.24
,McAuley,WBA,DEF,Hard,4.9,0,90,2700,0,29,3.10,18.37,0.63,2.00,9.00,3,3.00,1.84,0.61
,Mahrez,LEI,MID,Hard,7.3,9,234,2780,1,34,6.88,32.05,0.94,12.00,18.00,4,4.50,2.47,0.62
,Kant,LEI,MID,Hard,5,3,102,2752,1,34,3.00,20.40,0.60,8.00,14.00,4,3.50,2.80,0.70
,Janmaat,NEW,DEF,Medium,4.8,0,66,2661,0,31,2.13,13.75,0.44,0.00,1.00,2,0.50,0.21,0.10
,Kouyat,WHU,MID,Medium,5.2,0,92,2661,0,29,3.17,17.69,0.61,7.00,8.00,3,2.67,1.54,0.51
,Barry,EVE,MID,Medium,4.2,0,71,2657,0,30,2.37,16.90,0.56,1.00,5.00,2,2.50,1.19,0.60
,Mbemba,NEW,DEF,Medium,4.9,1,63,2653,1,29,2.17,12.86,0.44,8.00,10.00,4,2.50,2.04,0.51
,Albrighton,LEI,MID,Hard,4.9,6,112,2659,1,35,3.20,22.86,0.65,7.00,13.00,4,3.25,2.65,0.66
,Delaney,CRY,DEF,Medium,4.3,0,90,2610,0,27,3.33,20.93,0.78,1.00,20.00,3,6.67,4.65,1.55
,Bertrand,SOU,DEF,Hard,5.2,4,95,2610,1,29,3.28,18.27,0.63,6.00,10.00,4,2.50,1.92,0.48
,van Aanholt,SUN,DEF,Hard,4.7,6,108,2700,1,30,3.60,22.98,0.77,12.00,21.00,4,5.25,4.47,1.12
,Fernndez,SWA,DEF,Hard,4.8,-1,94,2700,1,30,3.13,19.58,0.65,0.00,9.00,4,2.25,1.88,0.47
,Mata,MUN,MID,Medium,8.1,0,126,2606,0,33,3.82,15.56,0.47,6.00,11.00,3,3.67,1.36,0.45
,Walker,TOT,DEF,Hard,5.1,0,117,2601,0,29,4.03,22.94,0.79,6.00,13.00,3,4.33,2.55,0.85
,Wollscheid,STK,DEF,Medium,4.4,0,90,2594,1,30,3.00,20.45,0.68,0.00,1.00,4,0.25,0.23,0.06
,Eriksen,TOT,MID,Hard,8.6,0,162,2576,0,31,5.23,18.84,0.61,10.00,21.00,3,7.00,2.44,0.81
,Arnautovic,STK,MID,Medium,6.3,2,149,2573,1,31,4.81,23.65,0.76,4.00,9.00,3,3.00,1.43,0.48
,Bassong,NOR,DEF,Hard,4.2,0,59,2571,0,29,2.03,14.05,0.48,1.00,2.00,2,1.00,0.48,0.24
,Ayew,SWA,MID,Hard,6.6,2,133,2657,1,31,4.29,20.15,0.65,4.00,7.00,3,2.33,1.06,0.35
,Lescott,AVL,DEF,Hard,4.6,0,76,2565,1,29,2.62,16.52,0.57,2.00,3.00,4,0.75,0.65,0.16
,Cabaye,CRY,MID,Medium,6.4,0,104,2554,0,29,3.59,16.25,0.56,4.00,10.00,2,5.00,1.56,0.78
,Fbregas,CHE,MID,Hard,8.4,13,118,2536,1,33,3.58,14.05,0.43,15.00,18.00,4,4.50,2.14,0.54
,Guzan,AVL,GKP,Hard,4.1,1,62,2520,1,28,2.21,15.12,0.54,4.00,6.00,4,1.50,1.46,0.37
,Yacob,WBA,MID,Hard,4.4,0,62,2515,0,29,2.14,14.09,0.49,4.00,7.00,2,3.50,1.59,0.80
,Fernandinho,MCI,MID,Hard,5.6,0,84,2490,0,29,2.90,15.00,0.52,7.00,10.00,2,5.00,1.79,0.89
,Zaha,CRY,MID,Medium,5.2,0,85,2488,0,32,2.66,16.35,0.51,3.00,8.00,3,2.67,1.54,0.51
,Koscielny,ARS,DEF,Medium,6.2,7,140,2575,1,29,4.83,22.58,0.78,15.00,29.00,4,7.25,4.68,1.17
,Watson,WAT,MID,Medium,4.3,0,82,2475,0,31,2.65,19.07,0.62,10.00,17.00,3,5.67,3.95,1.32
,Westwood,AVL,MID,Hard,4.2,15,71,2447,1,29,2.45,16.90,0.58,17.00,20.00,4,5.00,4.76,1.19
,Hennessey,CRY,GKP,Medium,4.2,0,93,2430,0,26,3.58,22.14,0.85,3.00,23.00,3,7.67,5.48,1.83
,Ward,CRY,DEF,Medium,4.3,0,89,2430,0,26,3.42,20.70,0.80,2.00,20.00,3,6.67,4.65,1.55
,Willian,CHE,MID,Hard,6.9,7,126,2425,1,31,4.06,18.26,0.59,9.00,9.00,2,4.50,1.30,0.65
,Nyom,WAT,DEF,Medium,4.4,0,89,2424,0,31,2.87,20.23,0.65,6.00,5.00,2,2.50,1.14,0.57
,Stones,EVE,DEF,Medium,5.4,0,72,2419,0,27,2.67,13.33,0.49,3.00,13.00,3,4.33,2.41,0.80
,Can,LIV,MID,Hard,5.3,0,64,2401,0,29,2.21,12.08,0.42,0.00,1.00,1,1.00,0.19,0.19
,Otamendi,MCI,DEF,Hard,6.5,6,103,2401,1,27,3.81,15.85,0.59,13.00,21.00,4,5.25,3.23,0.81
,Coleman,EVE,DEF,Medium,5.8,0,94,2383,0,27,3.48,16.21,0.60,1.00,14.00,3,4.67,2.41,0.80
,Alli,TOT,MID,Hard,6.3,0,162,2382,0,32,5.06,25.71,0.80,15.00,24.00,3,8.00,3.81,1.27
,Moreno,LIV,DEF,Hard,4.7,10,95,2370,1,30,3.17,20.21,0.67,16.00,30.00,4,7.50,6.38,1.60
,Martial,MUN,FWD,Medium,7.6,0,115,2369,0,27,4.26,15.13,0.56,3.00,14.00,3,4.67,1.84,0.61
,Puncheon,CRY,MID,Medium,5.5,0,76,2363,0,27,2.81,13.82,0.51,2.00,16.00,3,5.33,2.91,0.97
,Gosling,BOU,MID,Hard,4.4,2,84,2356,1,33,2.55,19.09,0.58,4.00,7.00,4,1.75,1.59,0.40
,Man,SOU,MID,Hard,7.4,6,126,2355,1,34,3.71,17.03,0.50,16.00,20.00,4,5.00,2.70,0.68
,Ramsey,ARS,MID,Medium,7.8,2,114,2443,1,28,4.07,14.62,0.52,14.00,15.00,3,5.00,1.92,0.64
,Fuchs,LEI,DEF,Hard,5.2,6,140,2441,1,29,4.83,26.92,0.93,7.00,22.00,4,5.50,4.23,1.06
,Davis,SOU,MID,Hard,4.8,2,86,2350,1,31,2.77,17.92,0.58,3.00,5.00,3,1.67,1.04,0.35
,Martin,NOR,DEF,Hard,4.2,0,65,2337,0,26,2.50,15.48,0.60,0.00,0.00,0,0.00,0.00,0.00
,Milner,LIV,MID,Hard,6.6,1,122,2335,1,27,4.52,18.48,0.68,12.00,24.00,4,6.00,3.64,0.91
,Yaya Tour,MCI,MID,Hard,8.5,3,127,2313,1,29,4.38,14.94,0.52,8.00,9.00,3,3.00,1.06,0.35
,Payet,WHU,MID,Medium,8.4,0,152,2310,0,26,5.85,18.10,0.70,6.00,17.00,3,5.67,2.02,0.67
,Coloccini,NEW,DEF,Medium,4.4,0,54,2292,0,26,2.08,12.27,0.47,0.00,0.00,0,0.00,0.00,0.00
,Sagna,MCI,DEF,Hard,5.6,0,114,2268,0,26,4.38,20.36,0.78,1.00,1.00,1,1.00,0.18,0.18
,Simpson,LEI,DEF,Hard,4.2,6,114,2339,1,27,4.22,27.14,1.01,7.00,21.00,4,5.25,5.00,1.25
,Shelvey,NEW,MID,Medium,5.3,1,76,2234,1,29,2.62,14.34,0.49,2.00,6.00,4,1.50,1.13,0.28
,Vertonghen,TOT,DEF,Hard,5.4,0,84,2234,0,25,3.36,15.56,0.62,6.00,12.00,2,6.00,2.22,1.11
,Evans,WBA,DEF,Hard,4.5,0,85,2230,0,25,3.40,18.89,0.76,3.00,9.00,3,3.00,2.00,0.67
,Wanyama,SOU,MID,Hard,4.2,1,53,2225,1,27,1.96,12.62,0.47,3.00,11.00,4,2.75,2.62,0.65
,Rondn,WBA,FWD,Hard,6.1,0,98,2198,0,29,3.38,16.07,0.55,3.00,6.00,3,2.00,0.98,0.33
,Costa,CHE,FWD,Hard,10.5,2,118,2193,1,26,4.54,11.24,0.43,4.00,4.00,2,2.00,0.38,0.19
,Kolarov,MCI,DEF,Hard,5.9,6,118,2193,1,27,4.37,20.00,0.74,18.00,30.00,4,7.50,5.08,1.27
,Defoe,SUN,FWD,Hard,5.2,2,120,2280,1,30,4.00,23.08,0.77,8.00,12.00,4,3.00,2.31,0.58
,Cork,SWA,MID,Hard,4.6,2,67,2276,1,32,2.09,14.57,0.46,4.00,9.00,4,2.25,1.96,0.49
,Johnson,STK,DEF,Medium,4.8,0,92,2184,0,25,3.68,19.17,0.77,0.00,0.00,0,0.00,0.00,0.00
,Agero,MCI,FWD,Hard,13.6,6,173,2181,1,27,6.41,12.72,0.47,32.00,48.00,4,12.00,3.53,0.88
,Hutton,AVL,DEF,Hard,4.1,-1,24,2150,1,26,0.92,5.85,0.23,1.00,-2.00,3,-0.67,-0.49,-0.16
,Bacuna,AVL,DEF,Hard,4.7,0,54,2147,1,28,1.93,11.49,0.41,2.00,4.00,4,1.00,0.85,0.21
,Schneiderlin,MUN,MID,Medium,5,0,67,2147,0,26,2.58,13.40,0.52,6.00,11.00,3,3.67,2.20,0.73
,Colback,NEW,MID,Medium,5.2,7,50,2118,1,25,2.00,9.62,0.38,12.00,12.00,2,6.00,2.31,1.15
,McCarthy,EVE,MID,Medium,4.6,0,61,2106,0,24,2.54,13.26,0.55,2.00,11.00,3,3.67,2.39,0.80
,Pell,SOU,FWD,Hard,8.1,0,125,2104,0,28,4.46,15.43,0.55,2.00,16.00,3,5.33,1.98,0.66
,Funes Mori,EVE,DEF,Medium,5.5,0,91,2103,0,25,3.64,16.55,0.66,6.00,14.00,2,7.00,2.55,1.27
,Smith,BOU,DEF,Hard,4.1,0,84,2100,0,31,2.71,20.49,0.66,0.00,1.00,1,1.00,0.24,0.24
,Cameron,STK,DEF,Medium,4.2,0,58,2099,1,27,2.15,13.81,0.51,0.00,1.00,4,0.25,0.24,0.06
,Afellay,STK,MID,Medium,5.1,0,83,2092,0,31,2.68,16.27,0.52,2.00,12.00,3,4.00,2.35,0.78
,Ayew,AVL,FWD,Hard,5.4,1,75,2091,1,27,2.78,13.89,0.51,3.00,13.00,4,3.25,2.41,0.60
,Giroud,ARS,FWD,Medium,8.7,2,122,2160,1,34,3.59,14.02,0.41,5.00,7.00,4,1.75,0.80,0.20
,McClean,WBA,MID,Hard,4.7,0,69,2088,0,30,2.30,14.68,0.49,4.00,10.00,3,3.33,2.13,0.71
,Navas,MCI,MID,Hard,6.1,6,91,2087,1,30,3.03,14.92,0.50,11.00,19.00,4,4.75,3.11,0.78
,Dembl,TOT,MID,Hard,5.1,0,86,2085,0,27,3.19,16.86,0.62,6.00,12.00,3,4.00,2.35,0.78
,Snchez,ARS,MID,Medium,11.1,3,153,2173,1,26,5.88,13.78,0.53,28.00,49.00,4,12.25,4.41,1.10
,Howard,EVE,GKP,Medium,4.8,0,83,2070,0,23,3.61,17.29,0.75,0.00,0.00,0,0.00,0.00,0.00
,Ruddy,NOR,GKP,Hard,4.1,0,61,2070,0,23,2.65,14.88,0.65,1.00,6.00,3,2.00,1.46,0.49
,Matic,CHE,MID,Hard,4.6,6,65,2067,1,29,2.24,14.13,0.49,6.00,6.00,1,6.00,1.30,1.30
,Rooney,MUN,FWD,Medium,9.9,0,98,2046,0,23,4.26,9.90,0.43,4.00,4.00,1,4.00,0.40,0.40
,Tadic,SOU,MID,Hard,6.5,15,135,2038,1,31,4.35,20.77,0.67,21.00,23.00,4,5.75,3.54,0.88
,Lallana,LIV,MID,Hard,7.3,10,106,2035,1,28,3.79,14.52,0.52,14.00,17.00,4,4.25,2.33,0.58
,Richards,AVL,DEF,Hard,4.3,0,49,2019,1,23,2.13,11.40,0.50,0.00,0.00,2,0.00,0.00,0.00
,Lamela,TOT,MID,Hard,6.8,0,106,2017,0,30,3.53,15.59,0.52,6.00,19.00,2,9.50,2.79,1.40
,Jones,SUN,DEF,Hard,4.2,0,44,2017,0,23,1.91,10.48,0.46,0.00,0.00,0,0.00,0.00,0.00
,Ayoze,NEW,FWD,Medium,5.1,1,91,2016,1,31,2.94,17.84,0.58,3.00,9.00,4,2.25,1.76,0.44
,Mitrovic,NEW,FWD,Medium,6.2,1,94,1993,1,30,3.13,15.16,0.51,6.00,20.00,4,5.00,3.23,0.81
,Redmond,NOR,MID,Hard,5,0,89,1992,0,31,2.87,17.80,0.57,1.00,3.00,3,1.00,0.60,0.20
,Myhill,WBA,GKP,Hard,4.3,0,81,1980,0,22,3.68,18.84,0.86,0.00,0.00,0,0.00,0.00,0.00
,Ogbonna,WHU,DEF,Medium,4.9,0,69,1966,0,23,3.00,14.08,0.61,3.00,5.00,3,1.67,1.02,0.34
,Cdric,SOU,DEF,Hard,4.8,5,86,1965,1,24,3.58,17.92,0.75,5.00,7.00,2,3.50,1.46,0.73
,McArthur,CRY,MID,Medium,4.9,0,67,1958,0,25,2.68,13.67,0.55,1.00,1.00,1,1.00,0.20,0.20
,Tettey,NOR,MID,Hard,4.1,0,53,1949,0,23,2.30,12.93,0.56,0.00,0.00,0,0.00,0.00,0.00
,Anita,NEW,MID,Medium,4.2,5,61,1926,1,25,2.44,14.52,0.58,15.00,22.00,4,5.50,5.24,1.31
,Zouma,CHE,DEF,Hard,5.1,0,81,1918,0,23,3.52,15.88,0.69,0.00,0.00,0,0.00,0.00,0.00
,Darmian,MUN,DEF,Medium,5.4,0,107,1909,0,27,3.96,19.81,0.73,17.00,22.00,3,7.33,4.07,1.36
,Mertesacker,ARS,DEF,Medium,5.2,6,70,1997,1,23,3.04,13.46,0.59,13.00,13.00,2,6.50,2.50,1.25
,Bolasie,CRY,MID,Medium,6,0,88,1895,0,23,3.83,14.67,0.64,10.00,17.00,3,5.67,2.83,0.94
,Elliot,NEW,GKP,Medium,4,0,66,1890,0,21,3.14,16.50,0.79,0.00,0.00,0,0.00,0.00,0.00
,Cattermole,SUN,MID,Hard,4.3,3,48,1972,1,28,1.71,11.16,0.40,5.00,10.00,4,2.50,2.33,0.58
,Hazard,CHE,MID,Hard,10.8,15,81,1878,1,27,3.00,7.50,0.28,15.00,15.00,1,15.00,1.39,1.39
,Shaqiri,STK,MID,Medium,6.2,0,92,1872,0,25,3.68,14.84,0.59,1.00,6.00,2,3.00,0.97,0.48
,O'Shea,SUN,DEF,Hard,4.3,0,40,1871,0,25,1.60,9.30,0.37,1.00,1.00,1,1.00,0.23,0.23
,Tomkins,WHU,DEF,Medium,4.8,0,67,1870,0,23,2.91,13.96,0.61,0.00,0.00,1,0.00,0.00,0.00
,Rose,TOT,DEF,Hard,5.1,0,104,1868,0,21,4.95,20.39,0.97,6.00,16.00,3,5.33,3.14,1.05
,Sakho,LIV,DEF,Hard,4.7,0,65,1854,0,21,3.10,13.83,0.66,15.00,17.00,2,8.50,3.62,1.81
,Firmino,LIV,MID,Hard,8.2,2,147,1853,1,28,5.25,17.93,0.64,16.00,18.00,3,6.00,2.20,0.73
,Long,SOU,FWD,Hard,5.8,12,100,1849,1,25,4.00,17.24,0.69,14.00,24.00,3,8.00,4.14,1.38
,Pedro,CHE,MID,Hard,8.8,8,109,1847,1,25,4.36,12.39,0.50,10.00,27.00,4,6.75,3.07,0.77
,Courtois,CHE,GKP,Hard,5.3,0,65,1838,0,21,3.10,12.26,0.58,-1.00,6.00,2,3.00,1.13,0.57
,De Bruyne,MCI,MID,Hard,10.4,0,120,1822,0,22,5.45,11.54,0.52,8.00,15.00,3,5.00,1.44,0.48
,Veretout,AVL,MID,Hard,5.6,0,69,1820,0,25,2.76,12.32,0.49,0.00,0.00,0,0.00,0.00,0.00
,Okazaki,LEI,FWD,Hard,5.7,2,83,1882,1,33,2.52,14.56,0.44,3.00,7.00,4,1.75,1.23,0.31
,Sterling,MCI,MID,Hard,8.5,0,93,1810,0,29,3.21,10.94,0.38,1.00,1.00,1,1.00,0.12,0.12
,Terry,CHE,DEF,Hard,6.6,0,58,1807,0,22,2.64,8.79,0.40,0.00,0.00,0,0.00,0.00,0.00
,Coutinho,LIV,MID,Hard,8.3,1,123,1801,1,23,5.35,14.82,0.64,9.00,18.00,3,6.00,2.17,0.72
,Brunt,WBA,MID,Hard,5.1,0,53,1800,0,22,2.41,10.39,0.47,0.00,0.00,0,0.00,0.00,0.00
,Silva,MCI,MID,Hard,9.8,1,96,1791,1,24,4.00,9.80,0.41,1.00,7.00,2,3.50,0.71,0.36
,Reid,WHU,DEF,Medium,4.8,0,52,1775,0,19,2.74,10.83,0.57,6.00,7.00,3,2.33,1.46,0.49
,Jagielka,EVE,DEF,Medium,5.1,0,58,1760,0,20,2.90,11.37,0.57,0.00,4.00,2,2.00,0.78,0.39
,King,BOU,MID,Hard,4.3,2,90,1750,1,28,3.21,20.93,0.75,10.00,18.00,4,4.50,4.19,1.05
,Jurado,WAT,MID,Medium,5.3,0,57,1750,0,22,2.59,10.75,0.49,4.00,5.00,2,2.50,0.94,0.47
,Oscar,CHE,MID,Hard,7.9,0,72,1746,0,25,2.88,9.11,0.36,0.00,6.00,2,3.00,0.76,0.38
,Ki Sung-yueng,SWA,MID,Hard,5,1,52,1761,1,27,1.93,10.40,0.39,1.00,1.00,1,1.00,0.20,0.20
,Hoolahan,NOR,MID,Hard,4.7,0,103,1743,0,26,3.96,21.91,0.84,1.00,2.00,2,1.00,0.43,0.21
,Mangala,MCI,DEF,Hard,5.3,6,62,1739,1,19,3.26,11.70,0.62,14.00,22.00,4,5.50,4.15,1.04
,Ak,WAT,DEF,Medium,4.4,0,72,1739,0,22,3.27,16.36,0.74,7.00,7.00,2,3.50,1.59,0.80
,Lucas,LIV,MID,Hard,4.3,1,43,1729,1,23,1.87,10.00,0.43,10.00,11.00,3,3.67,2.56,0.85
,Lovren,LIV,DEF,Hard,4.8,1,67,1716,1,22,3.05,13.96,0.63,7.00,9.00,3,3.00,1.88,0.63
,Britos,WAT,DEF,Medium,4.5,0,55,1713,0,20,2.75,12.22,0.61,5.00,7.00,2,3.50,1.56,0.78
,Gardner,WBA,MID,Hard,5.1,0,73,1709,0,29,2.52,14.31,0.49,2.00,5.00,3,1.67,0.98,0.33
,Berahino,WBA,FWD,Hard,5.8,0,66,1700,0,28,2.36,11.38,0.41,0.00,4.00,3,1.33,0.69,0.23
,Ryan Bennett,NOR,DEF,Hard,3.9,0,43,1698,0,20,2.15,11.03,0.55,1.00,4.00,3,1.33,1.03,0.34
,Olsson,WBA,DEF,Hard,4.3,0,65,1698,0,24,2.71,15.12,0.63,1.00,1.00,1,1.00,0.23,0.23
,Antonio,WHU,MID,Medium,5.3,0,107,1697,0,21,5.10,20.19,0.96,7.00,13.00,3,4.33,2.45,0.82
,Gomis,SWA,FWD,Hard,6.3,0,70,1686,0,31,2.26,11.11,0.36,1.00,4.00,3,1.33,0.63,0.21
,Abdi,WAT,MID,Medium,4.7,0,60,1662,0,28,2.14,12.77,0.46,2.00,4.00,2,2.00,0.85,0.43
,Carrick,MUN,MID,Medium,4.8,0,41,1660,0,24,1.71,8.54,0.36,0.00,3.00,2,1.50,0.63,0.31
,Naughton,SWA,DEF,Hard,4.5,0,58,1660,0,25,2.32,12.89,0.52,0.00,2.00,2,1.00,0.44,0.22
,Sessegnon,WBA,MID,Hard,5.1,0,67,1651,0,22,3.05,13.14,0.60,4.00,12.00,2,6.00,2.35,1.18
,Kaboul,SUN,DEF,Hard,4.2,6,62,1738,1,20,3.10,14.76,0.74,12.00,20.00,4,5.00,4.76,1.19
,Dummett,NEW,DEF,Medium,4.2,1,55,1622,1,19,2.89,13.10,0.69,9.00,9.00,2,4.50,2.14,1.07
,Skrtel,LIV,DEF,Hard,5.3,0,54,1615,0,19,2.84,10.19,0.54,0.00,2.00,1,2.00,0.38,0.38
,Bojan,STK,FWD,Medium,4.8,0,91,1604,0,25,3.64,18.96,0.76,2.00,17.00,3,5.67,3.54,1.18
,Prdl,WAT,DEF,Medium,4.2,0,51,1598,0,18,2.83,12.14,0.67,12.00,12.00,2,6.00,2.86,1.43
,Cahill,CHE,DEF,Hard,6.1,0,42,1597,0,19,2.21,6.89,0.36,1.00,1.00,1,1.00,0.16,0.16
,Gestede,AVL,FWD,Hard,5.5,1,73,1579,1,31,2.35,13.27,0.43,2.00,5.00,4,1.25,0.91,0.23
,Borini,SUN,FWD,Hard,5.4,1,66,1652,1,23,2.87,12.22,0.53,13.00,16.00,4,4.00,2.96,0.74
,Walters,STK,MID,Medium,5.6,0,83,1577,0,24,3.46,14.82,0.62,0.00,0.00,0,0.00,0.00,0.00
,Lanzini,WHU,MID,Medium,4.9,0,88,1568,0,21,4.19,17.96,0.86,3.00,15.00,3,5.00,3.06,1.02
,Fernando,MCI,MID,Hard,4.9,9,56,1547,1,22,2.55,11.43,0.52,12.00,23.00,4,5.75,4.69,1.17
,Gabriel,ARS,DEF,Medium,4.3,0,76,1544,0,18,4.22,17.67,0.98,3.00,11.00,3,3.67,2.56,0.85
,Coquelin,ARS,MID,Medium,4.2,0,41,1531,0,22,1.86,9.76,0.44,4.00,9.00,3,3.00,2.14,0.71
,Stekelenburg,SOU,GKP,Hard,4.9,0,57,1530,0,17,3.35,11.63,0.68,0.00,0.00,0,0.00,0.00,0.00
,Rangel,SWA,DEF,Hard,4.1,0,52,1620,1,20,2.60,12.68,0.63,1.00,7.00,4,1.75,1.71,0.43
,Pantilimon,WAT,GKP,Medium,4.5,0,56,1530,0,17,3.29,12.44,0.73,0.00,0.00,0,0.00,0.00,0.00
,Jerome,NOR,FWD,Hard,4.5,0,66,1521,0,31,2.13,14.67,0.47,1.00,2.00,2,1.00,0.44,0.22
,Mikel,CHE,MID,Hard,4.2,2,40,1520,1,22,1.82,9.52,0.43,3.00,8.00,4,2.00,1.90,0.48
,Ward-Prowse,SOU,MID,Hard,5.5,0,77,1503,0,30,2.57,14.00,0.47,0.00,2.00,2,1.00,0.36,0.18
,Oriol Romeu,SOU,MID,Hard,4.2,2,43,1502,1,25,1.72,10.24,0.41,2.00,3.00,2,1.50,0.71,0.36
,Olsson,NOR,DEF,Hard,4.4,0,48,1496,0,20,2.40,10.91,0.55,0.00,9.00,3,3.00,2.05,0.68
,Arter,BOU,MID,Hard,4.7,0,39,1482,0,19,2.05,8.30,0.44,0.00,0.00,0,0.00,0.00,0.00
,Kon,EVE,FWD,Medium,4.4,0,76,1457,0,25,3.04,17.27,0.69,2.00,3.00,2,1.50,0.68,0.34
,Mbokani,NOR,FWD,Hard,5.2,0,67,1454,0,26,2.58,12.88,0.50,2.00,11.00,3,3.67,2.12,0.71
,Cissokho,AVL,DEF,Hard,4.5,0,30,1440,1,16,1.88,6.67,0.42,2.00,2.00,4,0.50,0.44,0.11
,Collins,WHU,DEF,Medium,4.3,0,52,1440,0,19,2.74,12.09,0.64,1.00,1.00,1,1.00,0.23,0.23
,Carles Gil,AVL,MID,Hard,4.6,0,53,1436,0,23,2.30,11.52,0.50,0.00,2.00,1,2.00,0.43,0.43
,Shawcross,STK,DEF,Medium,4.8,0,44,1425,1,17,2.59,9.17,0.54,0.00,-1.00,3,-0.33,-0.21,-0.07
,Clasie,SOU,MID,Hard,5.1,1,42,1424,1,20,2.10,8.24,0.41,3.00,7.00,4,1.75,1.37,0.34
,Anya,WAT,MID,Medium,4.1,0,51,1416,0,25,2.04,12.44,0.50,1.00,2.00,2,1.00,0.49,0.24
,Sinclair,AVL,MID,Hard,4.1,2,50,1413,1,24,2.08,12.20,0.51,4.00,6.00,3,2.00,1.46,0.49
,Routledge,SWA,MID,Hard,5.1,1,49,1445,1,25,1.96,9.61,0.38,2.00,8.00,4,2.00,1.57,0.39
,Lingard,MUN,MID,Medium,4.3,0,69,1396,0,20,3.45,16.05,0.80,4.00,8.00,3,2.67,1.86,0.62
,O'Neil,NOR,MID,Hard,4.2,0,32,1395,0,23,1.39,7.62,0.33,2.00,6.00,3,2.00,1.43,0.48
,Deulofeu,EVE,MID,Medium,5.6,0,82,1383,0,26,3.15,14.64,0.56,3.00,7.00,3,2.33,1.25,0.42
,Cleverley,EVE,MID,Medium,5.1,0,61,1378,0,19,3.21,11.96,0.63,1.00,4.00,3,1.33,0.78,0.26
,Yedlin,SUN,DEF,Hard,4.4,6,55,1466,1,19,2.89,12.50,0.66,12.00,19.00,4,4.75,4.32,1.08
,Depay,MUN,MID,Medium,7.8,0,57,1373,0,25,2.28,7.31,0.29,4.00,4.00,2,2.00,0.51,0.26
,Jedinak,CRY,MID,Medium,4.6,0,35,1360,0,23,1.52,7.61,0.33,3.00,10.00,3,3.33,2.17,0.72
,Forster,SOU,GKP,Hard,5,2,60,1350,1,15,4.00,12.00,0.80,4.00,9.00,4,2.25,1.80,0.45
,Mannone,SUN,GKP,Hard,4.3,11,56,1440,1,16,3.50,13.02,0.81,21.00,29.00,4,7.25,6.74,1.69
,Stanislas,BOU,MID,Hard,4,2,62,1340,1,19,3.26,15.50,0.82,3.00,3.00,2,1.50,0.75,0.38
,Morrison,WBA,MID,Hard,4.5,0,60,1338,0,18,3.33,13.33,0.74,0.00,0.00,0,0.00,0.00,0.00
,Herrera,MUN,MID,Medium,6.5,0,67,1330,0,23,2.91,10.31,0.45,1.00,2.00,2,1.00,0.31,0.15
,Walcott,ARS,MID,Medium,8,1,84,1341,1,26,3.23,10.50,0.40,3.00,10.00,4,2.50,1.25,0.31
,Benteke,LIV,FWD,Hard,8,0,85,1288,0,25,3.40,10.63,0.43,0.00,0.00,0,0.00,0.00,0.00
,Sakho,WHU,FWD,Medium,6.2,0,57,1279,0,17,3.35,9.19,0.54,2.00,4.00,2,2.00,0.65,0.32
,Behrami,WAT,MID,Medium,4.2,0,37,1278,0,20,1.85,8.81,0.44,3.00,4.00,2,2.00,0.95,0.48
,Lennon,EVE,MID,Medium,5.4,0,74,1275,0,20,3.70,13.70,0.69,1.00,8.00,3,2.67,1.48,0.49
,Henderson,LIV,MID,Hard,6.5,0,56,1263,0,16,3.50,8.62,0.54,0.00,2.00,1,2.00,0.31,0.31
,Clark,AVL,DEF,Hard,4.3,0,22,1262,0,16,1.38,5.12,0.32,2.00,3.00,2,1.50,0.70,0.35
,Britton,SWA,MID,Hard,4.2,2,37,1341,1,22,1.68,8.81,0.40,2.00,4.00,2,2.00,0.95,0.48
,Diouf,STK,FWD,Medium,6.2,2,61,1248,1,24,2.54,9.84,0.41,2.00,4.00,3,1.33,0.65,0.22
,Coates,SUN,DEF,Hard,4.2,0,24,1229,0,16,1.50,5.71,0.36,0.00,0.00,0,0.00,0.00,0.00
,Jenkinson,ARS,DEF,Medium,4.8,0,28,1228,0,20,1.40,5.83,0.29,0.00,0.00,0,0.00,0.00,0.00
,Galloway,EVE,DEF,Medium,3.9,0,39,1221,0,15,2.60,10.00,0.67,0.00,0.00,0,0.00,0.00,0.00
,Begovic,CHE,GKP,Hard,4.6,3,49,1219,1,15,3.27,10.65,0.71,4.00,7.00,3,2.33,1.52,0.51
,Pugh,BOU,MID,Hard,4.6,2,56,1205,1,24,2.33,12.17,0.51,3.00,5.00,4,1.25,1.09,0.27
,Lens,SUN,MID,Hard,6,0,44,1204,0,19,2.32,7.33,0.39,0.00,1.00,1,1.00,0.17,0.17
,Cazorla,ARS,MID,Medium,7.8,0,41,1203,0,14,2.93,5.26,0.38,0.00,0.00,0,0.00,0.00,0.00
,Schweinsteiger,MUN,MID,Medium,6.6,0,43,1202,0,18,2.39,6.52,0.36,0.00,0.00,0,0.00,0.00,0.00
,Davies,TOT,DEF,Hard,4,0,51,1192,0,15,3.40,12.75,0.85,0.00,0.00,0,0.00,0.00,0.00
,Kompany,MCI,DEF,Hard,6.3,0,76,1179,0,14,5.43,12.06,0.86,1.00,1.00,1,1.00,0.16,0.16
,Snchez,AVL,MID,Hard,4.3,2,29,1176,1,17,1.71,6.74,0.40,2.00,3.00,2,1.50,0.70,0.35
,Schlupp,LEI,DEF,Hard,4.7,11,45,1242,1,21,2.14,9.57,0.46,14.00,14.00,2,7.00,2.98,1.49
,Wickham,CRY,FWD,Medium,5.5,0,66,1158,0,17,3.88,12.00,0.71,3.00,5.00,2,2.50,0.91,0.45
,Montero,SWA,MID,Hard,5.1,1,42,1201,1,21,2.00,8.24,0.39,3.00,7.00,4,1.75,1.37,0.34
,Johnson,SUN,MID,Hard,5.8,0,58,1148,0,19,3.05,10.00,0.53,0.00,0.00,0,0.00,0.00,0.00
,Naismith,NOR,FWD,Hard,5,0,57,1142,0,20,2.85,11.40,0.57,2.00,6.00,3,2.00,1.20,0.40
,Bony,MCI,FWD,Hard,7.9,4,60,1124,1,24,2.50,7.59,0.32,5.00,6.00,3,2.00,0.76,0.25
,Baines,EVE,DEF,Medium,6,0,40,1119,0,13,3.08,6.67,0.51,0.00,10.00,3,3.33,1.67,0.56
,Muniesa,STK,DEF,Medium,4.2,0,22,1109,1,14,1.57,5.24,0.37,0.00,1.00,3,0.33,0.24,0.08
,Carroll,WHU,FWD,Medium,6.4,0,80,1104,0,22,3.64,12.50,0.57,15.00,32.00,3,10.67,5.00,1.67
,Dorrans,NOR,MID,Hard,4.4,0,31,1094,0,18,1.72,7.05,0.39,0.00,0.00,0,0.00,0.00,0.00
,Flamini,ARS,MID,Medium,4.4,0,29,1089,0,16,1.81,6.59,0.41,0.00,0.00,0,0.00,0.00,0.00
,Obiang,WHU,MID,Medium,4.7,0,35,1081,0,23,1.52,7.45,0.32,1.00,2.00,2,1.00,0.43,0.21
,Okore,AVL,DEF,Hard,4.4,0,29,1080,0,12,2.42,6.59,0.55,0.00,0.00,0,0.00,0.00,0.00
,Foster,WBA,GKP,Hard,4.9,0,50,1080,0,11,4.55,10.20,0.93,5.00,16.00,3,5.33,3.27,1.09
,Rodwell,SUN,MID,Hard,4.8,0,26,1079,0,21,1.24,5.42,0.26,0.00,1.00,1,1.00,0.21,0.21
,Targett,SOU,DEF,Hard,3.8,0,61,1067,0,14,4.36,16.05,1.15,0.00,1.00,1,1.00,0.26,0.26
,Young,MUN,MID,Medium,5.6,0,34,1058,0,17,2.00,6.07,0.36,0.00,0.00,1,0.00,0.00,0.00
,Sako,CRY,MID,Medium,5,0,53,1038,0,16,3.31,10.60,0.66,3.00,11.00,3,3.67,2.20,0.73
,Kelly,CRY,DEF,Medium,4.1,0,28,1035,0,12,2.33,6.83,0.57,0.00,0.00,1,0.00,0.00,0.00
,Agbonlahor,AVL,FWD,Hard,4.7,0,37,1031,0,15,2.47,7.87,0.52,0.00,0.00,0,0.00,0.00,0.00
,Joselu,STK,FWD,Medium,5.5,2,54,1024,1,21,2.57,9.82,0.47,3.00,6.00,4,1.50,1.09,0.27
,Yoshida,SOU,DEF,Hard,4,0,52,1020,0,20,2.60,13.00,0.65,1.00,1.00,1,1.00,0.25,0.25
,Jarvis,NOR,MID,Hard,4.6,0,38,1011,0,19,2.00,8.26,0.43,1.00,5.00,3,1.67,1.09,0.36
,Fletcher,SUN,FWD,Hard,4.8,0,48,1010,0,16,3.00,10.00,0.63,0.00,0.00,0,0.00,0.00,0.00
,Tiot,NEW,MID,Medium,4.4,1,26,1002,1,16,1.63,5.91,0.37,6.00,7.00,3,2.33,1.59,0.53
,Fellaini,MUN,MID,Medium,6.2,0,42,994,0,16,2.63,6.77,0.42,4.00,4.00,1,4.00,0.65,0.65
,Robles,EVE,GKP,Medium,4.3,0,42,990,0,9,4.67,9.77,1.09,6.00,22.00,3,7.33,5.12,1.71
,Demichelis,MCI,DEF,Hard,5.3,1,30,990,1,19,1.58,5.66,0.30,1.00,1.00,1,1.00,0.19,0.19
,Rudd,NOR,GKP,Hard,3.9,0,29,990,0,11,2.64,7.44,0.68,0.00,0.00,0,0.00,0.00,0.00
,Imbula,STK,MID,Medium,4.8,2,31,990,1,11,2.82,6.46,0.59,3.00,7.00,4,1.75,1.46,0.36
,Rojo,MUN,DEF,Medium,5,0,55,979,0,13,4.23,11.00,0.85,7.00,9.00,3,3.00,1.80,0.60
,Valencia,WHU,FWD,Medium,5.4,0,53,977,0,16,3.31,9.81,0.61,1.00,2.00,2,1.00,0.37,0.19
,Lascelles,NEW,DEF,Medium,4.2,1,32,975,1,15,2.13,7.62,0.51,17.00,18.00,3,6.00,4.29,1.43
,Zabaleta,MCI,DEF,Hard,5.7,11,41,972,1,11,3.73,7.19,0.65,18.00,29.00,4,7.25,5.09,1.27
,Ledley,CRY,MID,Medium,4.6,0,36,971,0,18,2.00,7.83,0.43,1.00,4.00,3,1.33,0.87,0.29
,Ibe,LIV,MID,Hard,4.4,0,46,945,0,23,2.00,10.45,0.45,8.00,9.00,2,4.50,2.05,1.02
,Ciss,NEW,FWD,Medium,6.2,7,43,945,1,18,2.39,6.94,0.39,10.00,13.00,4,3.25,2.10,0.52
,Holebas,WAT,DEF,Medium,4,0,25,945,0,11,2.27,6.25,0.57,1.00,11.00,2,5.50,2.75,1.38
,Chamberlain,ARS,MID,Medium,5.5,0,44,928,0,22,2.00,8.00,0.36,0.00,0.00,0,0.00,0.00,0.00
,Son,TOT,FWD,Hard,7.5,0,51,928,0,24,2.13,6.80,0.28,1.00,4.00,3,1.33,0.53,0.18
,Chester,WBA,DEF,Hard,4.5,0,26,919,0,11,2.36,5.78,0.53,2.00,12.00,3,4.00,2.67,0.89
,King,LEI,MID,Hard,4.1,1,39,924,1,22,1.77,9.51,0.43,1.00,1.00,1,1.00,0.24,0.24
,Chadli,TOT,MID,Hard,6.6,0,61,912,0,25,2.44,9.24,0.37,1.00,3.00,3,1.00,0.45,0.15
,Clichy,MCI,DEF,Hard,5.2,0,52,907,0,12,4.33,10.00,0.83,0.00,7.00,2,3.50,1.35,0.67
,Oviedo,EVE,MID,Medium,4.2,0,30,906,0,12,2.50,7.14,0.60,4.00,5.00,2,2.50,1.19,0.60
,Moses,WHU,MID,Medium,4.9,0,43,906,0,17,2.53,8.78,0.52,3.00,3.00,1,3.00,0.61,0.61
,Kon,SUN,DEF,Hard,4.3,6,36,990,1,11,3.27,8.37,0.76,13.00,20.00,4,5.00,4.65,1.16
,Townsend,NEW,MID,Medium,5.7,2,49,884,1,12,4.08,8.60,0.72,18.00,31.00,4,7.75,5.44,1.36
,Campbell,ARS,FWD,Medium,5,0,53,881,0,18,2.94,10.60,0.59,1.00,5.00,2,2.50,1.00,0.50
,Adam,STK,MID,Medium,5.5,1,27,881,1,19,1.42,4.91,0.26,1.00,1.00,2,0.50,0.18,0.09
,Klose,NOR,DEF,Hard,4.2,0,30,849,0,10,3.00,7.14,0.71,0.00,7.00,2,3.50,1.67,0.83
,Distin,BOU,DEF,Hard,4,0,17,843,0,12,1.42,4.25,0.35,0.00,0.00,0,0.00,0.00,0.00
,Amavi,AVL,DEF,Hard,4.8,0,32,837,0,10,3.20,6.67,0.67,0.00,0.00,0,0.00,0.00,0.00
,Afobe,BOU,FWD,Hard,5.4,1,43,825,1,12,3.58,7.96,0.66,1.00,1.00,1,1.00,0.19,0.19
,Wisdom,NOR,DEF,Hard,4.2,0,19,824,0,10,1.90,4.52,0.45,0.00,3.00,3,1.00,0.71,0.24
,Grealish,AVL,MID,Hard,5.2,1,27,817,1,15,1.80,5.19,0.35,1.00,3.00,3,1.00,0.58,0.19
,Baba Rahman,CHE,DEF,Hard,5.4,2,26,815,1,12,2.17,4.81,0.40,3.00,11.00,4,2.75,2.04,0.51
,Martina,SOU,DEF,Hard,4.1,0,28,815,0,12,2.33,6.83,0.57,2.00,4.00,2,2.00,0.98,0.49
,Wimmer,TOT,DEF,Hard,4.6,0,33,812,0,10,3.30,7.17,0.72,0.00,2.00,1,2.00,0.43,0.43
,Gradel,BOU,MID,Hard,5.7,0,42,806,0,12,3.50,7.37,0.61,1.00,4.00,3,1.33,0.70,0.23
,Mirallas,EVE,MID,Medium,6.7,0,41,804,0,18,2.28,6.12,0.34,4.00,7.00,3,2.33,1.04,0.35
,Murray,BOU,FWD,Hard,5.4,0,36,802,0,21,1.71,6.67,0.32,0.00,0.00,0,0.00,0.00,0.00
,Sturridge,LIV,FWD,Hard,10.1,6,66,799,1,11,6.00,6.53,0.59,23.00,34.00,4,8.50,3.37,0.84
,Kirchhoff,SUN,DEF,Hard,4.3,6,36,868,1,12,3.00,8.37,0.70,12.00,19.00,4,4.75,4.42,1.10
,Zrate,WHU,FWD,Medium,5.3,0,41,788,0,15,2.73,7.74,0.52,0.00,0.00,0,0.00,0.00,0.00
,Ulloa,LEI,FWD,Hard,5.3,13,71,865,1,27,2.63,13.40,0.50,21.00,23.00,4,5.75,4.34,1.08
,Tour,LIV,DEF,Hard,4.4,1,37,771,1,13,2.85,8.41,0.65,7.00,9.00,3,3.00,2.05,0.68
,O'Kane,BOU,MID,Hard,4.1,0,23,756,0,16,1.44,5.61,0.35,0.00,2.00,1,2.00,0.49,0.49
,Van Ginkel,STK,MID,Medium,5,0,23,755,0,17,1.35,4.60,0.27,0.00,0.00,0,0.00,0.00,0.00
,Watmore,SUN,FWD,Hard,4.1,1,37,766,1,18,2.06,9.02,0.50,6.00,6.00,2,3.00,1.46,0.73
,Khazri,SUN,MID,Hard,5.7,2,36,837,1,11,3.27,6.32,0.57,2.00,7.00,4,1.75,1.23,0.31
,Elphick,BOU,DEF,Hard,4.2,6,18,743,1,9,2.00,4.29,0.48,7.00,10.00,4,2.50,2.38,0.60
,Richardson,AVL,DEF,Hard,4.1,0,11,723,0,11,1.00,2.68,0.24,1.00,2.00,2,1.00,0.49,0.24
,Mutch,CRY,MID,Medium,4.1,0,23,723,0,18,1.28,5.61,0.31,1.00,1.00,1,1.00,0.24,0.24
,Krul,NEW,GKP,Medium,4.2,0,23,720,0,8,2.88,5.48,0.68,0.00,0.00,0,0.00,0.00,0.00
,Steven Taylor,NEW,DEF,Medium,3.8,0,18,720,0,9,2.00,4.74,0.53,0.00,1.00,2,0.50,0.26,0.13
,Grabban,BOU,FWD,Hard,4.2,2,26,713,1,18,1.44,6.19,0.34,3.00,7.00,4,1.75,1.67,0.42
,Delph,MCI,MID,Hard,5.4,1,35,690,1,15,2.33,6.48,0.43,4.00,5.00,3,1.67,0.93,0.31
,Barrow,SWA,FWD,Hard,4.2,0,37,689,0,20,1.85,8.81,0.44,1.00,1.00,1,1.00,0.24,0.24
,Origi,LIV,FWD,Hard,5.3,0,48,670,0,15,3.20,9.06,0.60,6.00,19.00,3,6.33,3.58,1.19
,Paredes,WAT,DEF,Medium,4.2,0,29,670,0,15,1.93,6.90,0.46,1.00,3.00,2,1.50,0.71,0.36
,Whittaker,NOR,DEF,Hard,3.9,0,10,660,0,8,1.25,2.56,0.32,0.00,0.00,0,0.00,0.00,0.00
,Toivonen,SUN,MID,Hard,6.1,0,24,660,0,12,2.00,3.93,0.33,0.00,0.00,0,0.00,0.00,0.00
,de Laet,LEI,DEF,Hard,4.5,0,22,658,0,12,1.83,4.89,0.41,0.00,0.00,0,0.00,0.00,0.00
,Song,WHU,MID,Medium,4.8,0,23,658,0,12,1.92,4.79,0.40,0.00,0.00,0,0.00,0.00,0.00
,Mason,TOT,MID,Hard,4.9,0,32,641,0,18,1.78,6.53,0.36,1.00,3.00,3,1.00,0.61,0.20
,Bunn,AVL,GKP,Hard,4.2,0,33,630,0,7,4.71,7.86,1.12,0.00,0.00,0,0.00,0.00,0.00
,McCarthy,CRY,GKP,Medium,3.8,0,20,630,0,7,2.86,5.26,0.75,0.00,0.00,0,0.00,0.00,0.00
,Hangeland,CRY,DEF,Medium,4,0,25,630,0,7,3.57,6.25,0.89,0.00,0.00,0,0.00,0.00,0.00
,Bardsley,STK,DEF,Medium,4.2,0,16,626,1,8,2.00,3.81,0.48,0.00,1.00,3,0.33,0.24,0.08
,Lambert,WBA,FWD,Hard,5.3,0,31,625,0,19,1.63,5.85,0.31,0.00,0.00,0,0.00,0.00,0.00
,Paloschi,SWA,FWD,Hard,5.8,1,23,665,1,10,2.30,3.97,0.40,3.00,9.00,4,2.25,1.55,0.39
,Ramires,CHE,MID,Hard,5.3,0,29,609,0,12,2.42,5.47,0.46,0.00,0.00,0,0.00,0.00,0.00
,Rashford,MUN,FWD,Medium,4.6,0,40,606,0,7,5.71,8.70,1.24,10.00,13.00,3,4.33,2.83,0.94
,Wilson,BOU,FWD,Hard,5.3,1,41,584,1,10,4.10,7.74,0.77,2.00,3.00,3,1.00,0.57,0.19
,Gayle,CRY,FWD,Medium,5.1,0,21,573,0,12,1.75,4.12,0.34,0.00,9.00,2,4.50,1.76,0.88
,Allen,LIV,MID,Hard,4.9,2,29,567,1,15,1.93,5.92,0.39,8.00,11.00,4,2.75,2.24,0.56
,Haidara,NEW,DEF,Medium,4.2,0,17,555,0,7,2.43,4.05,0.58,0.00,0.00,0,0.00,0.00,0.00
,Darlow,NEW,GKP,Medium,3.9,1,17,540,1,5,3.40,4.36,0.87,10.00,14.00,4,3.50,3.59,0.90
,Brown,SUN,DEF,Hard,4.2,0,5,540,0,6,0.83,1.19,0.20,0.00,0.00,0,0.00,0.00,0.00
,Iheanacho,MCI,FWD,Hard,4.8,16,59,535,1,23,2.57,12.29,0.53,17.00,18.00,3,6.00,3.75,1.25
,Fer,SWA,MID,Hard,4.8,1,20,576,1,9,2.22,4.17,0.46,1.00,5.00,4,1.25,1.04,0.26
,Borthwick-Jackson,MUN,DEF,Medium,3.7,0,24,530,0,7,3.43,6.49,0.93,0.00,0.00,0,0.00,0.00,0.00
,Jones,MUN,DEF,Medium,4.7,0,31,530,0,10,3.10,6.60,0.66,0.00,0.00,0,0.00,0.00,0.00
,Kenedy,CHE,FWD,Hard,5.1,0,22,522,0,12,1.83,4.31,0.36,1.00,3.00,3,1.00,0.59,0.20
,Elneny,ARS,MID,Medium,5.2,2,16,605,1,7,2.29,3.08,0.44,7.00,11.00,4,2.75,2.12,0.53
,Besic,EVE,MID,Medium,4.4,0,14,513,0,10,1.40,3.18,0.32,3.00,4.00,2,2.00,0.91,0.45
,Adebayor,CRY,FWD,Medium,5.6,0,21,512,0,9,2.33,3.75,0.42,6.00,7.00,2,3.50,1.25,0.63
,Valencia,MUN,DEF,Medium,5,0,39,501,0,9,4.33,7.80,0.87,20.00,21.00,2,10.50,4.20,2.10
,Welbeck,ARS,FWD,Medium,7.4,1,40,517,1,9,4.44,5.41,0.60,6.00,13.00,4,3.25,1.76,0.44
,Surez,WAT,MID,Medium,4.2,0,13,492,0,10,1.30,3.10,0.31,2.00,5.00,3,1.67,1.19,0.40
,Carroll,TOT,MID,Hard,4.7,0,26,470,0,18,1.44,5.53,0.31,0.00,0.00,0,0.00,0.00,0.00
,Trippier,TOT,DEF,Hard,4.9,0,26,459,0,6,4.33,5.31,0.88,0.00,0.00,0,0.00,0.00,0.00
,de Jong,NEW,MID,Medium,6,0,23,453,0,17,1.35,3.83,0.23,0.00,1.00,1,1.00,0.17,0.17
,Amrabat,WAT,MID,Medium,4.4,0,9,453,0,9,1.00,2.05,0.23,-1.00,1.00,3,0.33,0.23,0.08
,Pinto,NOR,DEF,Hard,4.1,0,7,451,0,6,1.17,1.71,0.28,0.00,0.00,0,0.00,0.00,0.00
,Shaw,MUN,DEF,Medium,5.3,0,27,450,0,5,5.40,5.09,1.02,0.00,0.00,0,0.00,0.00,0.00
,N'Doye,SUN,FWD,Hard,4.8,0,17,450,0,9,1.89,3.54,0.39,0.00,2.00,2,1.00,0.42,0.21
,Iwobi,ARS,MID,Medium,4.6,3,40,515,1,9,4.44,8.70,0.97,9.00,27.00,4,6.75,5.87,1.47
,Emenike,WHU,FWD,Medium,5,0,13,443,0,9,1.44,2.60,0.29,3.00,5.00,3,1.67,1.00,0.33
,Gomez,LIV,DEF,Hard,4.2,0,23,437,0,5,4.60,5.48,1.10,0.00,0.00,0,0.00,0.00,0.00
,Nasri,MCI,MID,Hard,6.6,0,33,433,0,10,3.30,5.00,0.50,5.00,18.00,3,6.00,2.73,0.91
,Thauvin,NEW,MID,Medium,5.6,0,15,427,0,12,1.25,2.68,0.22,0.00,0.00,0,0.00,0.00,0.00
,Larsson,SUN,MID,Hard,5,1,19,438,1,14,1.36,3.80,0.27,5.00,5.00,2,2.50,1.00,0.50
,Federici,BOU,GKP,Hard,4.3,0,7,405,0,5,1.40,1.63,0.33,0.00,0.00,0,0.00,0.00,0.00
,Gibbs,ARS,DEF,Medium,5.1,0,26,391,0,15,1.73,5.10,0.34,0.00,0.00,0,0.00,0.00,0.00
,Lee Chung-yong,CRY,MID,Medium,4.2,0,21,377,0,12,1.75,5.00,0.42,1.00,1.00,1,1.00,0.24,0.24
,Loftus-Cheek,CHE,MID,Hard,4.6,1,23,374,1,11,2.09,5.00,0.45,3.00,13.00,4,3.25,2.83,0.71
,Anichebe,WBA,FWD,Hard,4.5,0,13,369,0,10,1.30,2.89,0.29,1.00,2.00,2,1.00,0.44,0.22
,Mulumbu,NOR,MID,Hard,4.3,0,11,368,0,7,1.57,2.56,0.37,0.00,0.00,0,0.00,0.00,0.00
,Aarons,NEW,MID,Medium,4.5,0,12,366,0,9,1.33,2.67,0.30,1.00,1.00,1,1.00,0.22,0.22
,Campbell,CRY,FWD,Medium,5.3,0,12,362,0,11,1.09,2.26,0.21,0.00,1.00,1,1.00,0.19,0.19
,Ospina,ARS,GKP,Medium,4.7,0,20,360,0,4,5.00,4.26,1.06,0.00,8.00,2,4.00,1.70,0.85
,Romero,MUN,GKP,Medium,4.3,0,21,360,0,4,5.25,4.88,1.22,0.00,0.00,0,0.00,0.00,0.00
,Graham,SUN,FWD,Hard,4.1,0,15,360,0,10,1.50,3.66,0.37,0.00,0.00,0,0.00,0.00,0.00
,Gmez,SUN,MID,Hard,4.8,0,11,352,0,6,1.83,2.29,0.38,0.00,0.00,0,0.00,0.00,0.00
,Jelavic,WHU,FWD,Medium,5.5,0,25,350,0,13,1.92,4.55,0.35,0.00,0.00,0,0.00,0.00,0.00
,Bamford,NOR,FWD,Hard,5.3,0,14,349,0,12,1.17,2.64,0.22,0.00,1.00,1,1.00,0.19,0.19
,Rodriguez,SOU,FWD,Hard,6.4,2,13,347,1,11,1.18,2.03,0.18,2.00,3.00,3,1.00,0.47,0.16
,Sandro,WBA,MID,Hard,4.3,0,13,347,0,9,1.44,3.02,0.34,1.00,6.00,3,2.00,1.40,0.47
,Chambers,ARS,DEF,Medium,4.6,0,23,322,0,12,1.92,5.00,0.42,0.00,0.00,0,0.00,0.00,0.00
,McNair,MUN,DEF,Medium,4.5,0,9,315,0,8,1.13,2.00,0.25,0.00,0.00,0,0.00,0.00,0.00
,Varela,MUN,DEF,Medium,4.2,0,8,315,0,4,2.00,1.90,0.48,0.00,0.00,0,0.00,0.00,0.00
,Ings,LIV,FWD,Hard,6.9,0,20,313,0,5,4.00,2.90,0.58,0.00,0.00,0,0.00,0.00,0.00
,Caballero,MCI,GKP,Hard,4.8,0,12,311,0,4,3.00,2.50,0.63,0.00,6.00,1,6.00,1.25,1.25
,Browning,EVE,DEF,Medium,3.8,0,9,298,0,5,1.80,2.37,0.47,0.00,0.00,0,0.00,0.00,0.00
,Stewart,LIV,DEF,Hard,4.5,1,5,295,1,3,1.67,1.11,0.37,3.00,5.00,3,1.67,1.11,0.37
,Remy,CHE,FWD,Hard,7.1,0,24,291,0,13,1.85,3.38,0.26,0.00,1.00,1,1.00,0.14,0.14
,Tomlin,BOU,FWD,Hard,4.7,0,8,290,0,6,1.33,1.70,0.28,0.00,0.00,0,0.00,0.00,0.00
,Byram,WHU,DEF,Medium,4.8,0,7,288,0,4,1.75,1.46,0.36,0.00,0.00,0,0.00,0.00,0.00
,Bartley,SWA,DEF,Hard,4.2,0,4,286,0,5,0.80,0.95,0.19,0.00,0.00,0,0.00,0.00,0.00
,Crouch,STK,FWD,Medium,5.6,0,11,283,0,9,1.22,1.96,0.22,0.00,2.00,1,2.00,0.36,0.36
,Gudioura,WAT,MID,Medium,4.2,0,19,283,0,14,1.36,4.52,0.32,7.00,9.00,3,3.00,2.14,0.71
,McManaman,WBA,MID,Hard,4.3,0,19,281,0,12,1.58,4.42,0.37,1.00,1.00,1,1.00,0.23,0.23
,Obertan,NEW,MID,Medium,4.1,0,11,279,0,5,2.20,2.68,0.54,0.00,0.00,0,0.00,0.00,0.00
,Eder,SWA,FWD,Hard,5,0,15,276,0,13,1.15,3.00,0.23,0.00,0.00,0,0.00,0.00,0.00
,Randolph,WHU,GKP,Medium,4.4,0,16,270,0,3,5.33,3.64,1.21,0.00,0.00,0,0.00,0.00,0.00
,Odjidja-Ofoe,NOR,MID,Hard,4.9,0,16,269,0,9,1.78,3.27,0.36,0.00,0.00,0,0.00,0.00,0.00
,Wilson,STK,DEF,Medium,4.4,0,4,261,0,4,1.00,0.91,0.23,0.00,0.00,0,0.00,0.00,0.00
,Kozk,AVL,FWD,Hard,4.4,0,7,258,0,4,1.75,1.59,0.40,0.00,0.00,0,0.00,0.00,0.00
,Chamakh,CRY,FWD,Medium,4.7,0,9,257,0,10,0.90,1.91,0.19,0.00,0.00,0,0.00,0.00,0.00
,Fosu-Mensah,MUN,DEF,Medium,3.9,0,21,254,0,6,3.50,5.38,0.90,1.00,12.00,3,4.00,3.08,1.03
,Traore,CHE,MID,Hard,5.4,0,23,242,0,7,3.29,4.26,0.61,1.00,2.00,2,1.00,0.37,0.19
,Flanagan,LIV,DEF,Hard,4.4,0,9,240,0,3,3.00,2.05,0.68,0.00,0.00,0,0.00,0.00,0.00
,Dyer,LEI,MID,Hard,4.6,0,20,239,0,13,1.54,4.35,0.33,0.00,1.00,1,1.00,0.22,0.22
,Falcao,CHE,FWD,Hard,6.8,0,15,237,0,10,1.50,2.21,0.22,0.00,1.00,1,1.00,0.15,0.15
,Gouffran,NEW,MID,Medium,5.5,0,11,227,0,8,1.38,2.00,0.25,0.00,0.00,0,0.00,0.00,0.00
,Haugaard,STK,GKP,Medium,4.4,0,1,225,1,3,0.33,0.23,0.08,0.00,1.00,3,0.33,0.23,0.08
,Ireland,STK,MID,Medium,4.6,0,14,217,0,12,1.17,3.04,0.25,0.00,1.00,1,1.00,0.22,0.22
,Oxford,WHU,DEF,Medium,3.7,0,10,208,0,6,1.67,2.70,0.45,0.00,0.00,0,0.00,0.00,0.00
,Osman,EVE,MID,Medium,4.4,0,10,206,0,7,1.43,2.27,0.32,2.00,2.00,1,2.00,0.45,0.45
,Austin,SOU,FWD,Hard,6.4,0,14,203,0,6,2.33,2.19,0.36,0.00,1.00,1,1.00,0.16,0.16
,Inler,LEI,MID,Hard,4.3,0,8,194,0,4,2.00,1.86,0.47,0.00,0.00,0,0.00,0.00,0.00
,Traor,AVL,MID,Hard,5.2,0,15,193,0,10,1.50,2.88,0.29,0.00,1.00,1,1.00,0.19,0.19
,Amat,SWA,DEF,Hard,4.4,0,11,193,0,5,2.20,2.50,0.50,0.00,0.00,0,0.00,0.00,0.00
,Gazzaniga,SOU,GKP,Hard,4.5,0,5,180,0,2,2.50,1.11,0.56,0.00,0.00,0,0.00,0.00,0.00
,Kingsley,SWA,DEF,Hard,4,0,8,175,0,2,4.00,2.00,1.00,0.00,0.00,0,0.00,0.00,0.00
,Juanmi,SOU,FWD,Hard,5.3,0,12,173,0,12,1.00,2.26,0.19,0.00,0.00,0,0.00,0.00,0.00
,Bentaleb,TOT,MID,Hard,4.2,0,6,170,0,5,1.20,1.43,0.29,0.00,0.00,0,0.00,0.00,0.00
,Arteta,ARS,MID,Medium,4.7,0,6,166,0,8,0.75,1.28,0.16,0.00,0.00,0,0.00,0.00,0.00
,N'Jie,TOT,FWD,Hard,7.2,0,11,166,0,7,1.57,1.53,0.22,0.00,0.00,0,0.00,0.00,0.00
,Mariappa,CRY,DEF,Medium,3.7,0,3,165,0,2,1.50,0.81,0.41,1.00,1.00,1,1.00,0.27,0.27
,Randall,LIV,DEF,Hard,4,1,3,160,1,2,1.50,0.75,0.38,3.00,3.00,2,1.50,0.75,0.38
,Johnson,NOR,MID,Hard,5.3,0,5,154,0,4,1.25,0.94,0.24,0.00,0.00,0,0.00,0.00,0.00
,Caulker,LIV,DEF,Hard,5.2,0,12,151,0,6,2.00,2.31,0.38,0.00,0.00,0,0.00,0.00,0.00
,Sheyi Ojo,LIV,MID,Hard,5,1,8,147,1,4,2.00,1.60,0.40,3.00,7.00,3,2.33,1.40,0.47
,Saivet,NEW,MID,Medium,4.4,0,4,147,0,4,1.00,0.91,0.23,0.00,0.00,0,0.00,0.00,0.00
,Mbabu,NEW,DEF,Medium,4.1,0,2,143,0,2,1.00,0.49,0.24,0.00,0.00,0,0.00,0.00,0.00
,Debuchy,ARS,DEF,Medium,5.1,0,3,142,0,2,1.50,0.59,0.29,0.00,0.00,0,0.00,0.00,0.00
,Januzaj,MUN,MID,Medium,5.5,0,10,141,0,4,2.50,1.82,0.45,0.00,0.00,0,0.00,0.00,0.00
,Miazga,CHE,DEF,Hard,4.5,0,6,135,0,2,3.00,1.33,0.67,0.00,6.00,2,3.00,1.33,0.67
,Given,STK,GKP,Medium,4.3,0,0,135,1,2,0.00,0.00,0.00,0.00,0.00,2,0.00,0.00,0.00
,Pato,CHE,FWD,Hard,6.9,0,12,131,0,2,6.00,1.74,0.87,0.00,12.00,2,6.00,1.74,0.87
,Layn,WAT,DEF,Medium,4.5,0,9,131,0,3,3.00,2.00,0.67,0.00,0.00,0,0.00,0.00,0.00
,Kermorgant,BOU,FWD,Hard,4.4,0,7,130,0,7,1.00,1.59,0.23,0.00,0.00,0,0.00,0.00,0.00
,Berghuis,WAT,MID,Medium,5.5,0,9,126,0,6,1.50,1.64,0.27,4.00,4.00,1,4.00,0.73,0.73
,Gibson,EVE,MID,Medium,4.4,0,5,124,0,5,1.00,1.14,0.23,1.00,1.00,1,1.00,0.23,0.23
,Wasilewski,LEI,DEF,Hard,3.9,0,-1,123,0,2,-0.50,-0.26,-0.13,0.00,0.00,0,0.00,0.00,0.00
,Pienaar,EVE,MID,Medium,4.8,0,5,122,0,4,1.25,1.04,0.26,1.00,1.00,1,1.00,0.21,0.21
,Smith,LIV,DEF,Hard,4,0,3,120,0,2,1.50,0.75,0.38,2.00,2.00,1,2.00,0.50,0.50
,Odemwingie,STK,MID,Medium,4.7,0,5,106,0,5,1.00,1.06,0.21,0.00,0.00,0,0.00,0.00,0.00
,Amartey,LEI,MID,Hard,4.4,0,7,104,0,5,1.40,1.59,0.32,1.00,2.00,2,1.00,0.45,0.23
,Gray,LEI,MID,Hard,4.3,4,15,117,1,9,1.67,3.49,0.39,4.00,9.00,3,3.00,2.09,0.70
,Crespo,AVL,DEF,Hard,4.4,0,2,90,0,1,2.00,0.45,0.45,0.00,0.00,0,0.00,0.00,0.00
,Speroni,CRY,GKP,Medium,4.2,0,5,90,0,1,5.00,1.19,1.19,5.00,5.00,1,5.00,1.19,1.19
,Ward,LIV,GKP,Hard,4,0,3,90,0,1,3.00,0.75,0.75,3.00,3.00,1,3.00,0.75,0.75
,Bogdan,LIV,GKP,Hard,4.2,0,1,90,0,1,1.00,0.24,0.24,0.00,0.00,0,0.00,0.00,0.00
,Davis K,SOU,GKP,Hard,4.1,0,2,90,0,1,2.00,0.49,0.49,0.00,0.00,0,0.00,0.00,0.00
,Vorm,TOT,GKP,Hard,4.1,0,2,90,0,1,2.00,0.49,0.49,0.00,0.00,0,0.00,0.00,0.00
,Pickford,SUN,GKP,Hard,3.9,0,2,90,0,1,2.00,0.51,0.51,0.00,0.00,0,0.00,0.00,0.00
,Grimes,SWA,MID,Hard,4.2,0,3,90,0,1,3.00,0.71,0.71,0.00,0.00,0,0.00,0.00,0.00
,Pereira,MUN,MID,Medium,4.5,0,3,84,0,4,0.75,0.67,0.17,0.00,0.00,0,0.00,0.00,0.00
,Lyden,AVL,MID,Hard,4.5,0,3,79,0,3,1.00,0.67,0.22,0.00,2.00,2,1.00,0.44,0.22
,Pritchard,WBA,MID,Hard,4.6,0,3,69,0,3,1.00,0.65,0.22,0.00,0.00,0,0.00,0.00,0.00
,Benalouane,LEI,DEF,Hard,4.2,0,3,68,0,4,0.75,0.71,0.18,0.00,0.00,0,0.00,0.00,0.00
,Ibarbo,WAT,FWD,Medium,5.1,0,4,68,0,4,1.00,0.78,0.20,0.00,0.00,0,0.00,0.00,0.00
,Diamanti,WAT,MID,Medium,5.1,0,3,67,0,2,1.50,0.59,0.29,0.00,0.00,0,0.00,0.00,0.00
,Emnes,SWA,FWD,Hard,4.1,0,2,66,0,2,1.00,0.49,0.24,0.00,0.00,0,0.00,0.00,0.00
,Rivire,NEW,FWD,Medium,5.4,0,3,65,0,3,1.00,0.56,0.19,0.00,0.00,0,0.00,0.00,0.00
,Green,AVL,FWD,Hard,4.4,0,2,59,0,2,1.00,0.45,0.23,0.00,0.00,0,0.00,0.00,0.00
,Iturbe,BOU,MID,Hard,4.6,0,2,57,0,2,1.00,0.43,0.22,0.00,0.00,0,0.00,0.00,0.00
,Nolan,WHU,MID,Medium,5.4,0,2,57,0,2,1.00,0.37,0.19,0.00,0.00,0,0.00,0.00,0.00
,Love,MUN,DEF,Medium,4.4,0,1,54,0,0,0.00,0.23,0.00,0.00,0.00,0,0.00,0.00,0.00
,Toner,AVL,DEF,Hard,4,3,3,45,1,1,3.00,0.75,0.75,3.00,3.00,1,3.00,0.75,0.75
,Allsop,BOU,GKP,Hard,4.4,0,1,45,0,1,1.00,0.23,0.23,0.00,0.00,0,0.00,0.00,0.00
,Teixeira,STK,DEF,Medium,4.4,0,1,45,0,0,0.00,0.23,0.00,0.00,0.00,0,0.00,0.00,0.00
,N'Zogbia,AVL,MID,Hard,4.4,0,2,43,0,2,1.00,0.45,0.23,0.00,0.00,0,0.00,0.00,0.00
,Rantie,BOU,FWD,Hard,4.1,0,3,41,0,3,1.00,0.73,0.24,0.00,0.00,0,0.00,0.00,0.00
,Onomah,TOT,MID,Hard,4.3,0,7,38,0,7,1.00,1.63,0.23,0.00,0.00,0,0.00,0.00,0.00
,Connolly,EVE,DEF,Medium,4,0,1,37,0,0,0.00,0.25,0.00,1.00,1.00,0,0.00,0.25,0.00
,Matthews,SUN,DEF,Hard,4.2,0,1,37,0,1,1.00,0.24,0.24,0.00,0.00,0,0.00,0.00,0.00
,Pocognoli,WBA,DEF,Hard,4.1,0,4,36,0,1,4.00,0.98,0.98,0.00,0.00,0,0.00,0.00,0.00
,Doumbia,NEW,FWD,Medium,5.6,0,3,32,0,3,1.00,0.54,0.18,0.00,0.00,0,0.00,0.00,0.00
,MacDonald,BOU,MID,Hard,4.2,0,3,31,0,3,1.00,0.71,0.24,0.00,1.00,1,1.00,0.24,0.24
,Ramrez,SOU,MID,Hard,5.2,0,6,31,0,3,2.00,1.15,0.38,0.00,0.00,0,0.00,0.00,0.00
,Gamboa,WBA,DEF,Hard,3.8,0,0,28,0,1,0.00,0.00,0.00,0.00,0.00,0,0.00,0.00,0.00
,Cuadrado,CHE,MID,Hard,7.4,0,1,27,0,1,1.00,0.14,0.14,0.00,0.00,0,0.00,0.00,0.00
,Maiga,WHU,FWD,Medium,4.5,0,7,27,0,3,2.33,1.56,0.52,0.00,0.00,0,0.00,0.00,0.00
,Kramaric,LEI,FWD,Hard,5.4,0,2,24,0,2,1.00,0.37,0.19,0.00,0.00,0,0.00,0.00,0.00
,Hernndez,MUN,FWD,Medium,6,0,1,24,0,1,1.00,0.17,0.17,0.00,0.00,0,0.00,0.00,0.00
,Arlauskis,WAT,GKP,Medium,4.4,0,1,24,0,1,1.00,0.23,0.23,0.00,0.00,0,0.00,0.00,0.00
,Leko,WBA,FWD,Hard,4.5,0,2,24,0,1,2.00,0.44,0.44,0.00,2.00,1,2.00,0.44,0.44
,Niasse,EVE,FWD,Medium,6.4,0,3,22,0,3,1.00,0.47,0.16,0.00,1.00,1,1.00,0.16,0.16
,Dodoo,LEI,FWD,Hard,4.4,0,1,20,0,0,0.00,0.23,0.00,0.00,0.00,0,0.00,0.00,0.00
,Fulton,SWA,MID,Hard,4.3,0,1,20,0,1,1.00,0.23,0.23,0.00,0.00,0,0.00,0.00,0.00
,Boateng,CRY,MID,Medium,4.5,0,1,19,0,1,1.00,0.22,0.22,0.00,0.00,0,0.00,0.00,0.00
,Clarke-Salter,CHE,DEF,Hard,4,0,1,17,0,1,1.00,0.25,0.25,0.00,1.00,1,1.00,0.25,0.25
,Powell,MUN,MID,Medium,4.4,0,1,17,0,0,0.00,0.23,0.00,0.00,0.00,0,0.00,0.00,0.00
,Rossiter,LIV,MID,Hard,4.4,0,1,15,0,0,0.00,0.23,0.00,0.00,0.00,0,0.00,0.00,0.00
,Celina,MCI,MID,Hard,4.3,0,4,14,0,1,4.00,0.93,0.93,0.00,0.00,0,0.00,0.00,0.00
,Lafferty,NOR,FWD,Hard,4.3,0,1,14,0,1,1.00,0.23,0.23,0.00,0.00,0,0.00,0.00,0.00
,Gnabry,ARS,MID,Medium,4.5,0,1,13,0,1,1.00,0.22,0.22,0.00,0.00,0,0.00,0.00,0.00
,Hooper,NOR,FWD,Hard,4.2,0,2,13,0,2,1.00,0.48,0.24,0.00,0.00,0,0.00,0.00,0.00
,Sidwell,STK,MID,Medium,4.2,0,1,13,0,1,1.00,0.24,0.24,0.00,0.00,0,0.00,0.00,0.00
,Toney,NEW,FWD,Medium,4.2,0,2,12,0,1,2.00,0.48,0.48,0.00,0.00,0,0.00,0.00,0.00
,Mings,BOU,DEF,Hard,4.1,0,1,11,0,1,1.00,0.24,0.24,0.00,0.00,0,0.00,0.00,0.00
,Williams,CRY,MID,Medium,4.3,0,1,11,0,1,1.00,0.23,0.23,0.00,0.00,0,0.00,0.00,0.00
,Manu Garca,MCI,MID,Hard,4.5,0,1,11,0,1,1.00,0.22,0.22,0.00,0.00,0,0.00,0.00,0.00
,Reed,SOU,MID,Hard,4.2,0,1,11,0,1,1.00,0.24,0.24,0.00,0.00,0,0.00,0.00,0.00
,Wilson,MUN,FWD,Medium,4.5,0,1,9,0,1,1.00,0.22,0.22,0.00,0.00,0,0.00,0.00,0.00
,Davies,EVE,MID,Medium,4.5,0,1,8,0,0,0.00,0.22,0.00,1.00,1.00,0,0.00,0.22,0.00
,Oular,WAT,FWD,Medium,5.5,0,2,7,0,2,1.00,0.36,0.18,0.00,0.00,0,0.00,0.00,0.00
,Roberts,MCI,MID,Hard,4.2,0,1,5,0,1,1.00,0.24,0.24,0.00,0.00,0,0.00,0.00,0.00
,Keane,MUN,FWD,Medium,4.4,0,1,5,0,0,0.00,0.23,0.00,0.00,0.00,0,0.00,0.00,0.00
,Teixeira,LIV,MID,Hard,4.5,0,1,4,0,1,1.00,0.22,0.22,0.00,0.00,0,0.00,0.00,0.00
,Weir,MUN,MID,Medium,4.5,0,1,1,0,1,1.00,0.22,0.22,0.00,0.00,0,0.00,0.00,0.00
,Cullen,WHU,MID,Medium,4.4,0,1,1,0,1,1.00,0.23,0.23,0.00,0.00,0,0.00,0.00,0.00
,Macey,ARS,GKP,Medium,4,0,0,0,0,0,0.00,0.00,0.00,0.00,0.00,0,0.00,0.00,0.00
,Sanogo,ARS,FWD,Medium,5,0,0,0,0,0,0.00,0.00,0.00,0.00,0.00,0,0.00,0.00,0.00
,Rosicky,ARS,MID,Medium,4.9,0,0,0,0,0,0.00,0.00,0.00,0.00,0.00,0,0.00,0.00,0.00
,Wilshere,ARS,MID,Medium,5.7,1,1,7,1,1,1.00,0.18,0.18,1.00,1.00,1,1.00,0.18,0.18
,Akpom,ARS,FWD,Medium,5,0,0,0,0,0,0.00,0.00,0.00,0.00,0.00,0,0.00,0.00,0.00
,Zelalem,ARS,MID,Medium,4.8,0,0,0,0,0,0.00,0.00,0.00,0.00,0.00,0,0.00,0.00,0.00
,Szczesny,ARS,GKP,Medium,5,0,0,0,0,0,0.00,0.00,0.00,0.00,0.00,0,0.00,0.00,0.00
,Adelaide,ARS,MID,Medium,4.8,0,0,0,0,0,0.00,0.00,0.00,0.00,0.00,0,0.00,0.00,0.00
,Kinsella,AVL,DEF,Hard,3.8,0,0,0,0,0,0.00,0.00,0.00,0.00,0.00,0,0.00,0.00,0.00
,Bennett,AVL,DEF,Hard,4,0,0,0,0,0,0.00,0.00,0.00,0.00,0.00,0,0.00,0.00,0.00
,Senderos,AVL,DEF,Hard,4,0,0,0,0,0,0.00,0.00,0.00,0.00,0.00,0,0.00,0.00,0.00
,Davis,AVL,MID,Hard,4.5,0,0,0,0,0,0.00,0.00,0.00,0.00,0.00,0,0.00,0.00,0.00
,Vlaar,AVL,DEF,Hard,4.5,0,0,0,0,0,0.00,0.00,0.00,0.00,0.00,0,0.00,0.00,0.00
,Hepburn-Murphy,AVL,FWD,Hard,4.1,0,0,0,0,0,0.00,0.00,0.00,0.00,0.00,0,0.00,0.00,0.00
,Gardner,AVL,MID,Hard,4.5,0,0,0,0,0,0.00,0.00,0.00,0.00,0.00,0,0.00,0.00,0.00
,Mason,AVL,DEF,Hard,4,0,0,0,0,0,0.00,0.00,0.00,0.00,0.00,0,0.00,0.00,0.00
,Cole,AVL,MID,Hard,4.7,0,0,0,0,0,0.00,0.00,0.00,0.00,0.00,0,0.00,0.00,0.00
,Wiggins,BOU,DEF,Hard,4,0,0,0,0,0,0.00,0.00,0.00,0.00,0.00,0,0.00,0.00,0.00
,Cargill,BOU,DEF,Hard,3.9,0,0,0,0,0,0.00,0.00,0.00,0.00,0.00,0,0.00,0.00,0.00
,Butcher,BOU,FWD,Hard,4.5,0,0,0,0,0,0.00,0.00,0.00,0.00,0.00,0,0.00,0.00,0.00
,Brown,CHE,MID,Hard,4.5,0,0,0,0,0,0.00,0.00,0.00,0.00,0.00,0,0.00,0.00,0.00
,Colkett,CHE,MID,Hard,4.5,0,0,0,0,0,0.00,0.00,0.00,0.00,0.00,0,0.00,0.00,0.00
,Nathan,CHE,MID,Hard,5,0,0,0,0,0,0.00,0.00,0.00,0.00,0.00,0,0.00,0.00,0.00
,Amelia,CHE,GKP,Hard,4.5,0,0,0,0,0,0.00,0.00,0.00,0.00,0.00,0,0.00,0.00,0.00
,Solanke,CHE,FWD,Hard,5,0,0,0,0,0,0.00,0.00,0.00,0.00,0.00,0,0.00,0.00,0.00
,Blackman,CHE,GKP,Hard,4.5,0,0,0,0,0,0.00,0.00,0.00,0.00,0.00,0,0.00,0.00,0.00
,Filipe Luis,CHE,DEF,Hard,5.5,0,0,0,0,0,0.00,0.00,0.00,0.00,0.00,0,0.00,0.00,0.00
,Djilobodji,CHE,DEF,Hard,4.8,0,0,0,0,0,0.00,0.00,0.00,0.00,0.00,0,0.00,0.00,0.00
,Aina,CHE,DEF,Hard,4,0,0,0,0,0,0.00,0.00,0.00,0.00,0.00,0,0.00,0.00,0.00
,Atsu,CHE,MID,Hard,5,0,0,0,0,0,0.00,0.00,0.00,0.00,0.00,0,0.00,0.00,0.00
,Palmer,CHE,MID,Hard,4.5,0,0,0,0,0,0.00,0.00,0.00,0.00,0.00,0,0.00,0.00,0.00
,Christensen,CHE,DEF,Hard,4.5,0,0,0,0,0,0.00,0.00,0.00,0.00,0.00,0,0.00,0.00,0.00
,Dreher,CRY,MID,Medium,4.5,0,0,0,0,0,0.00,0.00,0.00,0.00,0.00,0,0.00,0.00,0.00
,Croll,CRY,DEF,Medium,4,0,0,0,0,0,0.00,0.00,0.00,0.00,0.00,0,0.00,0.00,0.00
,Dymond,CRY,MID,Medium,4.5,0,0,0,0,0,0.00,0.00,0.00,0.00,0.00,0,0.00,0.00,0.00
,Fryers,CRY,DEF,Medium,4,0,0,0,0,0,0.00,0.00,0.00,0.00,0.00,0,0.00,0.00,0.00
,Kaikai,CRY,MID,Medium,4.5,0,0,0,0,0,0.00,0.00,0.00,0.00,0.00,0,0.00,0.00,0.00
,Bannan,CRY,MID,Medium,4.4,0,0,0,0,0,0.00,0.00,0.00,0.00,0.00,0,0.00,0.00,0.00
,Hibbert,EVE,DEF,Medium,3.9,0,0,0,0,0,0.00,0.00,0.00,0.00,0.00,0,0.00,0.00,0.00
,Stanek,EVE,GKP,Medium,4,0,0,0,0,0,0.00,0.00,0.00,0.00,0.00,0,0.00,0.00,0.00
,Pennington,EVE,DEF,Medium,4,0,0,0,0,0,0.00,0.00,0.00,0.00,0.00,0,0.00,0.00,0.00
,McGeady,EVE,MID,Medium,4.9,0,0,0,0,0,0.00,0.00,0.00,0.00,0.00,0,0.00,0.00,0.00
,Holgate,EVE,DEF,Medium,4,0,0,0,0,0,0.00,0.00,0.00,0.00,0.00,0,0.00,0.00,0.00
,Rodrguez,EVE,FWD,Medium,4.4,0,0,0,0,0,0.00,0.00,0.00,0.00,0.00,0,0.00,0.00,0.00
,Garbutt,EVE,DEF,Medium,4.5,0,0,0,0,0,0.00,0.00,0.00,0.00,0.00,0,0.00,0.00,0.00
,McAleny,EVE,FWD,Medium,4.4,0,0,0,0,0,0.00,0.00,0.00,0.00,0.00,0,0.00,0.00,0.00
,Knockaert,LEI,MID,Hard,4.5,0,0,0,0,0,0.00,0.00,0.00,0.00,0.00,0,0.00,0.00,0.00
,Maddison,LEI,GKP,Hard,3.9,0,0,0,0,0,0.00,0.00,0.00,0.00,0.00,0,0.00,0.00,0.00
,Moore,LEI,DEF,Hard,3.8,0,0,0,0,0,0.00,0.00,0.00,0.00,0.00,0,0.00,0.00,0.00
,Hammond,LEI,MID,Hard,4.3,0,0,0,0,0,0.00,0.00,0.00,0.00,0.00,0,0.00,0.00,0.00
,Lawrence,LEI,FWD,Hard,4.4,0,0,0,0,0,0.00,0.00,0.00,0.00,0.00,0,0.00,0.00,0.00
,Hamer,LEI,GKP,Hard,3.9,0,0,0,0,0,0.00,0.00,0.00,0.00,0.00,0,0.00,0.00,0.00
,Konchesky,LEI,DEF,Hard,4.5,0,0,0,0,0,0.00,0.00,0.00,0.00,0.00,0,0.00,0.00,0.00
,Schwarzer,LEI,GKP,Hard,3.7,0,0,0,0,0,0.00,0.00,0.00,0.00,0.00,0,0.00,0.00,0.00
,James,LEI,MID,Hard,4.4,0,0,0,0,0,0.00,0.00,0.00,0.00,0.00,0,0.00,0.00,0.00
,Chilwell,LEI,DEF,Hard,4,0,0,0,0,0,0.00,0.00,0.00,0.00,0.00,0,0.00,0.00,0.00
,Nugent,LEI,FWD,Hard,5.5,0,0,0,0,0,0.00,0.00,0.00,0.00,0.00,0,0.00,0.00,0.00
,Unavailable,LEI,DEF,Hard,5,0,0,0,0,0,0.00,0.00,0.00,0.00,0.00,0,0.00,0.00,0.00
,Balotelli,LIV,FWD,Hard,6.9,0,0,0,0,0,0.00,0.00,0.00,0.00,0.00,0,0.00,0.00,0.00
,Ilori,LIV,DEF,Hard,4.3,0,0,0,0,0,0.00,0.00,0.00,0.00,0.00,0,0.00,0.00,0.00
,Markovic,LIV,MID,Hard,5.8,0,0,0,0,0,0.00,0.00,0.00,0.00,0.00,0,0.00,0.00,0.00
,Jos Enrique,LIV,DEF,Hard,4.1,0,0,0,0,0,0.00,0.00,0.00,0.00,0.00,0,0.00,0.00,0.00
,Manquillo,LIV,DEF,Hard,4.5,0,0,0,0,0,0.00,0.00,0.00,0.00,0.00,0,0.00,0.00,0.00
,Fulton,LIV,GKP,Hard,4,0,0,0,0,0,0.00,0.00,0.00,0.00,0.00,0,0.00,0.00,0.00
,Brannagan,LIV,MID,Hard,4.5,0,0,0,0,0,0.00,0.00,0.00,0.00,0.00,0,0.00,0.00,0.00
,Sinclair,LIV,FWD,Hard,4.4,0,0,0,0,0,0.00,0.00,0.00,0.00,0.00,0,0.00,0.00,0.00
,Angelino,MCI,DEF,Hard,4,0,0,0,0,0,0.00,0.00,0.00,0.00,0.00,0,0.00,0.00,0.00
,Evans,MCI,MID,Hard,4.5,0,0,0,0,0,0.00,0.00,0.00,0.00,0.00,0,0.00,0.00,0.00
,Denayer,MCI,DEF,Hard,4.3,0,0,0,0,0,0.00,0.00,0.00,0.00,0.00,0,0.00,0.00,0.00
,Jovetic,MCI,FWD,Hard,7,0,0,0,0,0,0.00,0.00,0.00,0.00,0.00,0,0.00,0.00,0.00
,Wright,MCI,GKP,Hard,4.5,0,0,0,0,0,0.00,0.00,0.00,0.00,0.00,0,0.00,0.00,0.00
,Humphreys-Grant,MCI,DEF,Hard,4,0,0,0,0,0,0.00,0.00,0.00,0.00,0.00,0,0.00,0.00,0.00
,Pozo,MCI,FWD,Hard,4.8,0,0,0,0,0,0.00,0.00,0.00,0.00,0.00,0,0.00,0.00,0.00
,Barker,MCI,MID,Hard,4.5,0,0,0,0,0,0.00,0.00,0.00,0.00,0.00,0,0.00,0.00,0.00
,Horsfield,MCI,MID,Hard,4.4,0,0,0,0,0,0.00,0.00,0.00,0.00,0.00,0,0.00,0.00,0.00
,Maffeo,MCI,DEF,Hard,4,0,0,0,0,0,0.00,0.00,0.00,0.00,0.00,0,0.00,0.00,0.00
,Aleix Garca,MCI,MID,Hard,4.5,0,0,0,0,0,0.00,0.00,0.00,0.00,0.00,0,0.00,0.00,0.00
,Di Mara,MUN,MID,Medium,8.5,0,0,0,0,0,0.00,0.00,0.00,0.00,0.00,0,0.00,0.00,0.00
,Rafael,MUN,DEF,Medium,5,0,0,0,0,0,0.00,0.00,0.00,0.00,0.00,0,0.00,0.00,0.00
,van Persie,MUN,FWD,Medium,9.5,0,0,0,0,0,0.00,0.00,0.00,0.00,0.00,0,0.00,0.00,0.00
,Valds,MUN,GKP,Medium,4.7,0,0,0,0,0,0.00,0.00,0.00,0.00,0.00,0,0.00,0.00,0.00
,Goss,MUN,MID,Medium,4.5,0,0,0,0,0,0.00,0.00,0.00,0.00,0.00,0,0.00,0.00,0.00
,Riley,MUN,MID,Medium,4.5,0,0,0,0,0,0.00,0.00,0.00,0.00,0.00,0,0.00,0.00,0.00
,Rothwell,MUN,MID,Medium,4.5,0,0,0,0,0,0.00,0.00,0.00,0.00,0.00,0,0.00,0.00,0.00
,Tuanzebe,MUN,DEF,Medium,4,0,0,0,0,0,0.00,0.00,0.00,0.00,0.00,0,0.00,0.00,0.00
,Blackett,MUN,DEF,Medium,4.4,0,0,0,0,0,0.00,0.00,0.00,0.00,0.00,0,0.00,0.00,0.00
,Johnstone,MUN,GKP,Medium,4.3,0,0,0,0,0,0.00,0.00,0.00,0.00,0.00,0,0.00,0.00,0.00
,Gibson,NEW,DEF,Medium,4,0,0,0,0,0,0.00,0.00,0.00,0.00,0.00,0,0.00,0.00,0.00
,Williamson,NEW,DEF,Medium,4.2,0,0,0,0,0,0.00,0.00,0.00,0.00,0.00,0,0.00,0.00,0.00
,Woodman,NEW,GKP,Medium,4,0,0,0,0,0,0.00,0.00,0.00,0.00,0.00,0,0.00,0.00,0.00
,Abeid,NEW,MID,Medium,4.5,0,0,0,0,0,0.00,0.00,0.00,0.00,0.00,0,0.00,0.00,0.00
,Armstrong,NEW,FWD,Medium,4.3,0,0,0,0,0,0.00,0.00,0.00,0.00,0.00,0,0.00,0.00,0.00
,Ameobi,NEW,MID,Medium,5,0,0,0,0,0,0.00,0.00,0.00,0.00,0.00,0,0.00,0.00,0.00
,Marveaux,NEW,MID,Medium,4.5,0,0,0,0,0,0.00,0.00,0.00,0.00,0.00,0,0.00,0.00,0.00
,Cabella,NEW,MID,Medium,6.5,0,0,0,0,0,0.00,0.00,0.00,0.00,0.00,0,0.00,0.00,0.00
,Williams,NEW,DEF,Medium,4,0,0,0,0,0,0.00,0.00,0.00,0.00,0.00,0,0.00,0.00,0.00
,Bigirimana,NEW,MID,Medium,4.5,0,0,0,0,0,0.00,0.00,0.00,0.00,0.00,0,0.00,0.00,0.00
,Barlaser,NEW,FWD,Medium,4.5,0,0,0,0,0,0.00,0.00,0.00,0.00,0.00,0,0.00,0.00,0.00
,Kean,NOR,GKP,Hard,4,0,0,0,0,0,0.00,0.00,0.00,0.00,0.00,0,0.00,0.00,0.00
,Turner,NOR,DEF,Hard,3.9,0,0,0,0,0,0.00,0.00,0.00,0.00,0.00,0,0.00,0.00,0.00
,Andreu,NOR,MID,Hard,4.2,0,0,0,0,0,0.00,0.00,0.00,0.00,0.00,0,0.00,0.00,0.00
,Elliott Bennett,NOR,MID,Hard,4.2,0,0,0,0,0,0.00,0.00,0.00,0.00,0.00,0,0.00,0.00,0.00
,Hooiveld,NOR,DEF,Hard,4,0,0,0,0,0,0.00,0.00,0.00,0.00,0.00,0,0.00,0.00,0.00
,van Wolfswinkel,NOR,FWD,Hard,4.7,0,0,0,0,0,0.00,0.00,0.00,0.00,0.00,0,0.00,0.00,0.00
,Elia,SOU,MID,Hard,6,0,0,0,0,0,0.00,0.00,0.00,0.00,0.00,0,0.00,0.00,0.00
,Isgrove,SOU,MID,Hard,4.5,0,0,0,0,0,0.00,0.00,0.00,0.00,0.00,0,0.00,0.00,0.00
,Hesketh,SOU,MID,Hard,4.7,0,0,0,0,0,0.00,0.00,0.00,0.00,0.00,0,0.00,0.00,0.00
,Gardos,SOU,DEF,Hard,4.4,0,0,0,0,0,0.00,0.00,0.00,0.00,0.00,0,0.00,0.00,0.00
,Djuricic,SOU,MID,Hard,5.5,0,0,0,0,0,0.00,0.00,0.00,0.00,0.00,0,0.00,0.00,0.00
,Mayuka,SOU,FWD,Hard,4.5,0,0,0,0,0,0.00,0.00,0.00,0.00,0.00,0,0.00,0.00,0.00
,Olomola,SOU,FWD,Hard,4.5,0,0,0,0,0,0.00,0.00,0.00,0.00,0.00,0,0.00,0.00,0.00
,Seager,SOU,FWD,Hard,4.5,0,0,0,0,0,0.00,0.00,0.00,0.00,0.00,0,0.00,0.00,0.00
,Chiriches,TOT,DEF,Hard,4.4,0,0,0,0,0,0.00,0.00,0.00,0.00,0.00,0,0.00,0.00,0.00
,Stambouli,TOT,MID,Hard,4.5,0,0,0,0,0,0.00,0.00,0.00,0.00,0.00,0,0.00,0.00,0.00
,Walker-Peters,TOT,DEF,Hard,4,0,0,0,0,0,0.00,0.00,0.00,0.00,0.00,0,0.00,0.00,0.00
,Winks,TOT,MID,Hard,4.5,0,0,0,0,0,0.00,0.00,0.00,0.00,0.00,0,0.00,0.00,0.00
,Soldado,TOT,FWD,Hard,5.9,0,0,0,0,0,0.00,0.00,0.00,0.00,0.00,0,0.00,0.00,0.00
,Fazio,TOT,DEF,Hard,4.7,0,0,0,0,0,0.00,0.00,0.00,0.00,0.00,0,0.00,0.00,0.00
,Moha,STK,MID,Medium,4.2,0,0,0,0,0,0.00,0.00,0.00,0.00,0.00,0,0.00,0.00,0.00
,Shenton,STK,MID,Medium,4.5,0,0,0,0,0,0.00,0.00,0.00,0.00,0.00,0,0.00,0.00,0.00
,N'Zonzi,STK,MID,Medium,5,0,0,0,0,0,0.00,0.00,0.00,0.00,0.00,0,0.00,0.00,0.00
,Ebou,SUN,DEF,Hard,4,0,0,0,0,0,0.00,0.00,0.00,0.00,0.00,0,0.00,0.00,0.00
,Beadling,SUN,DEF,Hard,4,0,0,0,0,0,0.00,0.00,0.00,0.00,0.00,0,0.00,0.00,0.00
,Gooch,SUN,FWD,Hard,4.4,0,0,0,0,0,0.00,0.00,0.00,0.00,0.00,0,0.00,0.00,0.00
,Giaccherini,SUN,MID,Hard,5.3,0,0,0,0,0,0.00,0.00,0.00,0.00,0.00,0,0.00,0.00,0.00
,Buckley,SUN,MID,Hard,4.7,0,0,0,0,0,0.00,0.00,0.00,0.00,0.00,0,0.00,0.00,0.00
,Vergini,SUN,DEF,Hard,4.5,0,0,0,0,0,0.00,0.00,0.00,0.00,0.00,0,0.00,0.00,0.00
,Bridcutt,SUN,MID,Hard,4.3,0,0,0,0,0,0.00,0.00,0.00,0.00,0.00,0,0.00,0.00,0.00
,Roberge,SUN,DEF,Hard,4,0,0,0,0,0,0.00,0.00,0.00,0.00,0.00,0,0.00,0.00,0.00
,Tiendalli,SWA,DEF,Hard,4,0,0,0,0,0,0.00,0.00,0.00,0.00,0.00,0,0.00,0.00,0.00
,Lucas,SWA,MID,Hard,4.5,0,0,0,0,0,0.00,0.00,0.00,0.00,0.00,0,0.00,0.00,0.00
,Nordfeldt,SWA,GKP,Hard,4.2,0,0,0,0,0,0.00,0.00,0.00,0.00,0.00,0,0.00,0.00,0.00
,Tremmel,SWA,GKP,Hard,4,0,0,0,0,0,0.00,0.00,0.00,0.00,0.00,0,0.00,0.00,0.00
,Alfei,SWA,DEF,Hard,4,0,0,0,0,0,0.00,0.00,0.00,0.00,0.00,0,0.00,0.00,0.00
,Tabanou,SWA,DEF,Hard,4.4,0,0,0,0,0,0.00,0.00,0.00,0.00,0.00,0,0.00,0.00,0.00
,Vydra,WAT,FWD,Medium,4.8,0,0,0,0,0,0.00,0.00,0.00,0.00,0.00,0,0.00,0.00,0.00
,Gilmartin,WAT,GKP,Medium,4,0,0,0,0,0,0.00,0.00,0.00,0.00,0.00,0,0.00,0.00,0.00
,Tzsr,WAT,MID,Medium,5,0,0,0,0,0,0.00,0.00,0.00,0.00,0.00,0,0.00,0.00,0.00
,Dyer,WAT,MID,Medium,4.2,0,0,0,0,0,0.00,0.00,0.00,0.00,0.00,0,0.00,0.00,0.00
,Pudil,WAT,DEF,Medium,4,0,0,0,0,0,0.00,0.00,0.00,0.00,0.00,0,0.00,0.00,0.00
,Murray,WAT,MID,Medium,4.4,0,0,0,0,0,0.00,0.00,0.00,0.00,0.00,0,0.00,0.00,0.00
,Belkalem,WAT,DEF,Medium,4,0,0,0,0,0,0.00,0.00,0.00,0.00,0.00,0,0.00,0.00,0.00
,Angella,WAT,DEF,Medium,4.3,0,0,0,0,0,0.00,0.00,0.00,0.00,0.00,0,0.00,0.00,0.00
,Doyley,WAT,DEF,Medium,4,0,0,0,0,0,0.00,0.00,0.00,0.00,0.00,0,0.00,0.00,0.00
,Smith,WAT,MID,Medium,4.5,0,0,0,0,0,0.00,0.00,0.00,0.00,0.00,0,0.00,0.00,0.00
,Bond,WAT,GKP,Medium,4,0,0,0,0,0,0.00,0.00,0.00,0.00,0.00,0,0.00,0.00,0.00
,Forestieri,WAT,FWD,Medium,4.4,0,0,0,0,0,0.00,0.00,0.00,0.00,0.00,0,0.00,0.00,0.00
,Ekstrand,WAT,DEF,Medium,3.9,0,0,0,0,0,0.00,0.00,0.00,0.00,0.00,0,0.00,0.00,0.00
,McGugan,WAT,MID,Medium,4.5,0,0,0,0,0,0.00,0.00,0.00,0.00,0.00,0,0.00,0.00,0.00
,Fabbrini,WAT,MID,Medium,4.5,0,0,0,0,0,0.00,0.00,0.00,0.00,0.00,0,0.00,0.00,0.00
,Hoban,WAT,DEF,Medium,3.8,0,0,0,0,0,0.00,0.00,0.00,0.00,0.00,0,0.00,0.00,0.00
,Roberts,WBA,FWD,Hard,4.5,0,0,0,0,0,0.00,0.00,0.00,0.00,0.00,0,0.00,0.00,0.00
,Lindegaard,WBA,GKP,Hard,4.3,0,0,0,0,0,0.00,0.00,0.00,0.00,0.00,0,0.00,0.00,0.00
,Samaras,WBA,FWD,Hard,4.4,0,0,0,0,0,0.00,0.00,0.00,0.00,0.00,0,0.00,0.00,0.00
,Rose,WBA,GKP,Hard,3.9,0,0,0,0,0,0.00,0.00,0.00,0.00,0.00,0,0.00,0.00,0.00
,Dobson,WHU,MID,Medium,4.5,0,0,0,0,0,0.00,0.00,0.00,0.00,0.00,0,0.00,0.00,0.00
,Hendrie,WHU,DEF,Medium,4,0,0,0,0,0,0.00,0.00,0.00,0.00,0.00,0,0.00,0.00,0.00
,Samuelsen,WHU,MID,Medium,4.4,0,0,0,0,0,0.00,0.00,0.00,0.00,0.00,0,0.00,0.00,0.00
,Henry,WHU,DEF,Medium,4,0,0,0,0,0,0.00,0.00,0.00,0.00,0.00,0,0.00,0.00,0.00
,Amalfitano,WHU,MID,Medium,4.6,0,0,0,0,0,0.00,0.00,0.00,0.00,0.00,0,0.00,0.00,0.00
,O'Brien,WHU,DEF,Medium,4.4,0,0,0,0,0,0.00,0.00,0.00,0.00,0.00,0,0.00,0.00,0.00
,Lee,WHU,FWD,Medium,4.3,0,0,0,0,0,0.00,0.00,0.00,0.00,0.00,0,0.00,0.00,0.00
,Knoyle,WHU,DEF,Medium,4,0,0,0,0,0,0.00,0.00,0.00,0.00,0.00,0,0.00,0.00,0.00
,Downing,WHU,MID,Medium,6,0,0,0,0,0,0.00,0.00,0.00,0.00,0.00,0,0.00,0.00,0.00
,Spiegel,WHU,GKP,Medium,3.9,0,0,0,0,0,0.00,0.00,0.00,0.00,0.00,0,0.00,0.00,0.00
,Poyet,WHU,MID,Medium,4.5,0,0,0,0,0,0.00,0.00,0.00,0.00,0.00,0,0.00,0.00,0.00
,Burke,WHU,DEF,Medium,3.9,0,0,0,0,0,0.00,0.00,0.00,0.00,0.00,0,0.00,0.00,0.00
,Browne,WHU,MID,Medium,4.5,0,0,0,0,0,0.00,0.00,0.00,0.00,0.00,0,0.00,0.00,0.00
,Parfitt-Williams,WHU,FWD,Medium,4.5,0,0,0,0,0,0.00,0.00,0.00,0.00,0.00,0,0.00,0.00,0.00
,Baker,AVL,DEF,Hard,4,0,0,0,0,0,0.00,0.00,0.00,0.00,0.00,0,0.00,0.00,0.00
,Gray,CRY,MID,Medium,4.5,0,0,0,0,0,0.00,0.00,0.00,0.00,0.00,0,0.00,0.00,0.00
,Dzeko,MCI,FWD,Hard,7.5,0,0,0,0,0,0.00,0.00,0.00,0.00,0.00,0,0.00,0.00,0.00
,Sterry,NEW,DEF,Medium,4,0,0,0,0,0,0.00,0.00,0.00,0.00,0.00,0,0.00,0.00,0.00
,Ideye,WBA,FWD,Hard,5.3,0,0,0,0,0,0.00,0.00,0.00,0.00,0.00,0,0.00,0.00,0.00
,Good,NEW,DEF,Medium,4,0,0,0,0,0,0.00,0.00,0.00,0.00,0.00,0,0.00,0.00,0.00
,Honeyman,SUN,MID,Hard,4.5,0,0,0,0,0,0.00,0.00,0.00,0.00,0.00,0,0.00,0.00,0.00
,Mandron,SUN,FWD,Hard,4.5,0,0,0,0,0,0.00,0.00,0.00,0.00,0.00,0,0.00,0.00,0.00